row_id,order_id,customer_id,order_date,delivery_date,status,payment_method,currency,price,quantity,total_amount,channel
2211,ORD102211,C79689,2025-08-04,2025-08-05,delivered,paypal,EUR,47.42,4.0,189.68,web
2136,ORD102136,C59002,2025-08-25,2025-08-31,delivered,credit_card,EUR,39.94,3.0,119.82,app
1178,ORD101178,C33324,2025-01-28,2025-02-04,delivered,credit_card,EUR,29.06,,116.24,web
1910,ORD101910,C16688,2024-03-29,2024-04-05,delivered,paypal,EUR,47.86,4.0,191.44,web
649,ORD100649,C86369,2024-03-20,2024-03-26,delivered,credit_card,EUR,9.31,5.0,46.55,web
2095,ORD102095,C80032,2024-02-01,2024-02-07,processing,credit_card,EUR,40.56,1.0,40.56,partner
1357,ORD101357,C22092,2024-01-14,2024-01-22,,cash,USD,19.6,4.0,78.4,web
178,ORD100178,C91055,2025-02-27,2025-03-07,shipped,credit_card,USD,,1.0,24.73,app
1379,ORD101379,C58676,2024-02-01,2024-02-06,delivered,credit_card,EUR,14.84,5.0,74.2,web
2069,ORD102069,C47736,2024-05-29,2024-06-04,delivered,paypal,EUR,15.15,1.0,15.15,web
2230,ORD102230,C66938,2025-11-02,2025-11-03,done,credit_card,EUR,14.9,2.0,29.8,web
2534,ORD101188,C60986,2025-12-07,2025-12-11,shipped,paypal,EUR,30.72,2.0,61.44,web
1241,ORD101241,C79960,2024-08-09,2024-08-16,delivered,credit_card,EUR,36.93,5.0,184.65,web
1068,ORD101068,C40026,2025-07-06,2025-07-08,cancelled,credit_card,EUR,44.48,2.0,88.96,web
2091,ORD102091,C39388,2024-01-29,2024-02-06,delivered,credit_card,EUR,12.85,1.0,12.85,app
807,ORD100807,C19952,2024-04-08,2024-04-09,delivered,paypal,EUR,56.72,4.0,226.88,web
2322,ORD102322,C40427,2025-10-26,2025-10-28,shipped,credit_card,EUR,31.07,4.0,124.28,web
940,ORD100940,C72178,2025-11-23,2025-11-30,delivered,paypal,EUR,28.98,5.0,144.9,web
2319,ORD102319,C79715,2025-11-12,2025-11-20,delivered,credit_card,USD,15.9,4.0,63.6,app
1575,ORD101575,C38655,2024-01-17,2024-01-19,delivered,paypal,EUR,36.06,0.0,180.3,web
2196,ORD102196,C36163,2024-02-25,2024-02-28,delivered,credit_card,EUR,35.45,2.0,70.9,web
436,ORD100436,C61054,2025-07-15,2025-07-24,delivered,paypal,EUR,20.06,2.0,40.12,app
508,ORD100508,C34182,2025-04-04,2025-04-10,delivered,paypal,USD,20.71,5.0,103.55,web
445,ORD100445,C69657,2024-03-19,2024-03-26,,credit_card,EUR,34.91,4.0,139.64,web
509,ORD100509,C31299,2025-08-16,2025-08-20,shipped,credit_card,EUR,6.96,2.0,13.92,web
318,ORD100318,C94487,2024-04-03,2024-04-04,delivered,credit_card,USD,28.93,2.0,57.86,web
2043,ORD102043,C77464,2025-03-23,2025-03-27,delivered,credit_card,EUR,35.22,2.0,70.44,app
1429,ORD101429,C80882,2025-06-24,2025-07-02,processing,credit_card,EUR,24.5,2.0,49.0,web
1436,ORD101436,C48442,2025-01-17,2025-01-23,delivered,credit_card,EUR,34.93,5.0,174.65,web
907,ORD100907,C25581,2025-04-11,2025-04-13,delivered,paypal,EUR,31.51,5.0,157.55,web
582,ORD100582,C19606,2024-07-21,2024-07-30,shipped,credit_card,EUR,12.01,4.0,48.04,web
2397,ORD102397,C36017,2025-03-02,2025-03-11,delivered,credit_card,EUR,30.1,3.0,90.3,app
44,ORD100044,C16112,2025-08-11,2025-08-20,delivered,credit_card,EUR,31.78,2.0,63.56,web
952,ORD100952,C65322,2024-11-26,2024-12-05,delivered,credit_card,EUR,53.39,5.0,266.95,web
2318,ORD102318,C86563,2025-01-25,2025-02-01,delivered,credit_card,EUR,24.68,2.0,49.36,app
73,ORD100073,C21692,2024-10-13,2024-10-15,cancelled,credit_card,EUR,12.67,4.0,50.68,app
194,ORD100194,C96371,2025-11-14,2025-11-22,cancelled,cash,EUR,51.29,1.0,51.29,web
530,ORD100530,C63869,2025-06-19,2025-06-27,shipped,credit_card,EUR,26.56,3.0,79.68,app
613,ORD100613,C44657,2025-11-10,2025-11-11,shipped,paypal,EUR,79.62,5.0,398.1,app
1563,ORD101563,C92690,2025-01-11,2025-01-20,delivered,cash,EUR,46.76,1.0,46.76,app
1421,ORD101421,C99522,2025-03-25,2025-03-31,cancelled,card,EUR,6.6,4.0,26.4,app
965,ORD100965,C62946,2025-07-02,2025-07-06,shipped,credit_card,EUR,73.58,3.0,220.74,partner
2222,ORD102222,C12376,2025-11-21,2025-11-29,delivered,crypto,EUR,17.06,3.0,51.18,app
1647,ORD101647,C69725,2025-09-17,2025-09-25,shipped,credit_card,EUR,11.21,2.0,22.42,web
56,ORD100056,C59190,2025-08-06,2025-08-13,delivered,credit_card,EUR,138.71,3.0,416.13,web
2272,ORD102272,C36727,2024-05-09,2024-05-10,delivered,credit_card,EUR,39.89,1.0,39.89,web
367,ORD100367,C38433,2024-04-25,2024-05-01,delivered,paypal,EUR,18.12,2.0,36.24,app
1123,ORD101123,C31929,2024-11-18,2024-11-24,cancelled,credit_card,EUR,32.15,1.0,32.15,web
839,ORD100839,C91956,2025-09-26,2025-10-03,delivered,credit_card,EUR,37.07,1.0,37.07,web
1914,ORD101914,C39556,2024-12-24,2025-01-01,delivered,paypal,USD,30.91,2.0,61.82,web
1865,ORD101865,C46436,2025-09-04,2025-09-09,delivered,credit_card,EUR,53.59,4.0,214.36,app
1091,ORD101091,C50341,2024-08-03,2024-08-12,delivered,credit_card,EUR,-10.0,2.0,66.4,web
1562,ORD101562,C32362,2025-04-07,2025-04-14,delivered,credit_card,EUR,13.42,5.0,67.1,web
527,ORD100527,C22948,2025-06-30,2025-07-05,cancelled,credit_card,EUR,24.73,1.0,24.73,web
420,ORD100420,C93474,2024-08-26,2024-08-29,processing,credit_card,EUR,29.83,2.0,59.66,web
289,ORD100289,C52613,2025-09-02,2025-09-10,delivered,paypal,EUR,19.99,4.0,79.96,web
772,ORD100772,C10440,2025-04-22,2025-04-25,shipped,credit_card,USD,15.68,3.0,47.04,web
1874,ORD101874,C46762,2024-08-09,2024-08-16,delivered,credit_card,EUR,7.12,2.0,14.24,web
964,ORD100964,C95421,2024-09-20,2024-09-25,shipped,paypal,EUR,95.59,3.0,286.77,app
1724,ORD101724,C58054,2025-07-25,2025-07-31,delivered,credit_card,EUR,23.29,4.0,93.16,web
1330,ORD101330,C50485,2025-10-17,2025-10-19,delivered,credit_card,EUR,63.83,5.0,319.15,web
1023,ORD101023,C85778,2024-05-03,2024-05-09,delivered,cash,EUR,31.06,4.0,124.24,app
407,ORD100407,C22950,2025-11-24,2025-12-02,delivered,credit_card,USD,27.04,3.0,81.12,app
620,ORD100620,C49025,2025-03-31,2025-04-03,delivered,credit_card,EUR,44.47,3.0,133.41,app
1557,ORD101557,C79563,2025-01-22,2025-01-25,processing,credit_card,USD,25.31,5.0,126.55,app
2266,ORD102266,C71504,2025-02-21,2025-02-22,shipped,credit_card,EUR,66.33,1.0,66.33,web
1513,ORD101513,C39765,2024-12-23,2024-12-28,delivered,paypal,EUR,28.09,2.0,56.18,app
354,ORD100354,C97242,2025-06-13,2025-06-18,shipped,cash,EUR,44.7,4.0,178.8,app
246,ORD100246,C78173,2024-06-13,2024-06-14,delivered,credit_card,EUR,21.04,5.0,105.2,app
70,ORD100070,C81610,2025-08-09,2025-08-14,delivered,credit_card,EUR,39.63,5.0,198.15,web
387,ORD100387,C84799,2024-02-16,2024-02-23,processing,credit_card,EUR,56.59,3.0,169.77,web
1511,ORD101511,C30542,2025-10-09,2025-10-16,delivered,card,EUR,26.37,1.0,26.37,app
239,ORD100239,C66457,2024-09-08,2024-09-15,delivered,credit_card,EUR,12.87,2.0,25.74,web
2556,ORD101222,C96536,2025-07-02,2025-07-04,cancelled,credit_card,EUR,72.23,4.0,288.92,app
1905,ORD101905,C32031,2025-10-16,2025-10-21,delivered,paypal,EUR,27.99,2.0,55.98,web
188,ORD100188,C31488,2025-04-11,2025-04-16,delivered,cash,EUR,102.59,2.0,205.18,web
836,ORD100836,C82750,2025-01-17,2025-01-24,delivered,cash,USD,46.16,5.0,230.8,app
1622,ORD101622,C93174,2025-12-21,2025-12-23,cancelled,credit_card,USD,14.98,4.0,59.92,app
1210,ORD101210,C66102,2024-09-20,2024-09-29,cancelled,credit_card,EUR,30.38,1.0,30.38,app
1207,ORD101207,C74861,2025-07-06,2025-07-07,shipped,credit_card,EUR,54.64,5.0,273.2,app
1186,ORD101186,C22816,2024-03-18,2024-03-26,delivered,paypal,EUR,66.52,3.0,199.56,web
528,ORD100528,C92373,2024-06-13,2024-06-14,shipped,cash,USD,16.99,4.0,67.96,web
1807,ORD101807,C53333,2025-08-07,2025-08-16,delivered,cash,USD,-1.0,3.0,119.31,web
2325,ORD102325,C84080,2024-10-31,2024-11-07,delivered,credit_card,EUR,36.39,2.0,72.78,web
1867,ORD101867,C78400,2024-04-13,2024-04-20,delivered,credit_card,USD,28.12,5.0,140.6,partner
544,ORD100544,C84788,2024-05-18,2024-05-21,shipped,credit_card,USD,52.64,4.0,210.56,web
1940,ORD101940,C24795,2024-08-26,2024-09-03,delivered,paypal,EUR,24.94,5.0,124.7,web
43,ORD100043,C41906,2024-10-05,2024-10-08,delivered,credit_card,USD,12.84,1.0,12.84,app
450,ORD100450,C96424,2024-01-24,2024-01-31,delivered,credit_card,EUR,32.48,5.0,162.4,web
786,ORD100786,C12914,2024-04-05,2024-04-14,shipped,cash,EUR,18.87,3.0,56.61,web
1189,ORD101189,C10658,2024-05-02,2024-05-09,delivered,paypal,USD,31.48,4.0,125.92,web
1539,ORD101539,C65812,2024-09-30,2024-10-01,cancelled,paypal,EUR,17.26,1.0,17.26,app
1677,ORD101677,C47734,2025-06-07,2025-06-15,processing,cash,EUR,42.66,2.0,85.32,app
802,ORD100802,C56399,2025-03-15,2025-03-18,x_cancel,paypal,EUR,20.89,1.0,20.89,app
2470,ORD102470,C90309,2025-09-17,2025-09-18,shipped,credit_card,EUR,39.18,0.0,78.36,web
1237,ORD101237,C21148,2025-01-21,2025-01-23,shipped,paypal,EUR,23.77,2.0,47.54,web
1590,ORD101590,C76229,2025-06-22,2025-07-01,delivered,credit_card,EUR,11.19,1.0,11.19,partner
1362,ORD101362,C41577,2024-06-30,2024-07-09,shipped,credit_card,USD,13.9,4.0,55.6,app
1486,ORD101486,C24631,2024-08-14,2024-08-15,delivered,credit_card,EUR,36.53,5.0,182.65,web
2077,ORD102077,C49604,2024-05-26,2024-05-30,delivered,cash,EUR,17.21,5.0,86.05,app
2346,ORD102346,C39455,2025-09-04,2025-09-07,delivered,credit_card,USD,20.37,2.0,40.74,app
1533,ORD101533,C26948,2024-07-23,2024-07-26,delivered,credit_card,USD,36.54,3.0,109.62,web
2385,ORD102385,C88756,2024-05-27,2024-05-28,cancelled,paypal,USD,11.84,3.0,35.52,app
856,ORD100856,C32039,2024-02-11,2024-02-17,delivered,credit_card,EUR,67.84,4.0,271.36,web
1253,ORD101253,C81430,2024-07-15,2024-07-22,shipped,credit_card,USD,19.37,2.0,38.74,app
2414,ORD102414,C43482,2025-07-22,2025-07-30,delivered,paypal,EUR,25.99,1.0,25.99,app
1837,ORD101837,C37401,2024-08-27,2024-08-29,delivered,paypal,EUR,-1.0,4.0,93.16,app
2030,ORD102030,C60020,2024-01-23,2024-01-26,shipped,credit_card,EUR,37.24,2.0,74.48,app
1448,ORD101448,C76531,2025-12-10,2025-12-12,cancelled,paypal,EUR,72.56,2.0,145.12,web
1763,ORD101763,C64159,2025-07-07,2025-07-16,cancelled,paypal,USD,58.36,4.0,233.44,app
610,ORD100610,C85032,2025-01-29,2025-01-31,delivered,credit_card,EUR,15.2,1.0,15.2,web
651,ORD100651,C68732,2024-06-13,2024-06-20,delivered,credit_card,EUR,40.39,5.0,201.95,partner
2015,ORD102015,C38723,2025-08-03,2025-08-10,delivered,cash,USD,23.79,3.0,71.37,web
1325,ORD101325,C26883,2025-10-22,2025-10-23,delivered,credit_card,USD,22.88,4.0,91.52,web
2075,ORD102075,C46733,2025-07-12,2025-07-14,delivered,credit_card,EUR,48.11,2.0,96.22,web
2540,ORD100235,C74750,2024-04-12,2024-04-16,delivered,paypal,EUR,45.36,1.0,45.36,app
746,ORD100746,C57897,2025-07-15,2025-07-19,delivered,credit_card,EUR,10.9,2.0,21.8,app
1334,ORD101334,C58021,2024-04-13,2024-04-19,delivered,paypal,EUR,30.23,5.0,151.15,partner
175,ORD100175,,2025-03-10,2025-03-14,delivered,credit_card,EUR,34.52,1.0,34.52,web
368,ORD100368,C11990,2025-09-20,2025-09-28,processing,paypal,EUR,29.0,4.0,116.0,app
233,ORD100233,C78265,2024-06-05,2024-06-10,delivered,credit_card,EUR,14.35,1.0,14.35,app
2193,ORD102193,C29696,2025-09-22,2025-09-28,cancelled,credit_card,EUR,57.55,1.0,57.55,partner
1263,ORD101263,C84031,2025-04-10,2025-04-12,delivered,paypal,EUR,44.3,2.0,88.6,web
1876,ORD101876,C30961,2024-08-19,2024-08-23,shipped,credit_card,USD,38.21,3.0,114.63,web
1288,ORD101288,C19170,2025-12-14,2025-12-19,delivered,credit_card,EUR,43.89,4.0,175.56,app
1127,ORD101127,C67382,2024-06-22,2024-07-01,shipped,credit_card,USD,22.22,2.0,44.44,web
1377,ORD101377,C77675,2024-06-28,2024-07-01,processing,cash,EUR,15.04,2.0,30.08,web
857,ORD100857,C15150,2025-10-02,2025-10-08,delivered,credit_card,EUR,48.57,1.0,48.57,app
2176,ORD102176,C19471,2025-02-10,2025-02-11,delivered,credit_card,EUR,29.79,4.0,119.16,web
2510,ORD102265,C18567,2024-04-20,2024-04-29,delivered,credit_card,EUR,10.57,4.0,42.28,web
1755,ORD101755,C38721,2024-08-27,2024-08-30,delivered,credit_card,EUR,51.55,2.0,103.1,app
889,ORD100889,C34368,2025-05-10,2025-05-11,delivered,credit_card,EUR,38.53,3.0,115.59,web
1000,ORD101000,C82746,2024-02-14,2024-02-23,delivered,credit_card,EUR,35.67,1.0,35.67,web
2209,ORD102209,C22449,2024-11-07,2024-11-11,delivered,paypal,EUR,12.26,3.0,36.78,app
196,ORD100196,C40832,2024-04-03,2024-04-08,cancelled,credit_card,EUR,26.57,1.0,26.57,web
1337,ORD101337,C36672,2025-03-14,2025-03-22,delivered,credit_card,EUR,40.92,3.0,122.76,web
422,ORD100422,,2024-03-31,2024-04-07,delivered,paypal,USD,115.34,3.0,346.02,web
1488,ORD101488,C19998,2024-10-30,2024-11-07,processing,credit_card,EUR,25.57,1.0,25.57,web
1113,ORD101113,C36285,2024-02-24,2024-03-02,cancelled,cash,EUR,42.83,5.0,214.15,web
2487,ORD102487,C14974,2025-11-05,2025-11-10,delivered,credit_card,USD,22.77,1.0,22.77,web
93,ORD100093,C44872,2024-03-10,2024-03-16,delivered,credit_card,USD,31.2,4.0,124.8,app
1710,ORD101710,C40837,2024-04-20,2024-04-22,shipped,card,USD,119.49,4.0,477.96,web
1338,ORD101338,C79775,2025-12-02,2025-12-10,shipped,credit_card,EUR,28.2,1.0,28.2,web
1514,ORD101514,C32217,2024-07-25,2024-07-26,delivered,credit_card,USD,18.37,4.0,73.48,web
211,ORD100211,C74519,2024-01-18,2024-01-27,delivered,credit_card,EUR,15.79,1.0,15.79,web
134,ORD100134,C81541,2024-03-01,2024-03-07,delivered,cash,EUR,35.89,,107.67,web
1463,ORD101463,C14586,2024-10-03,2024-10-11,delivered,credit_card,EUR,-1.0,4.0,38.52,app
1702,ORD101702,C71377,2024-09-08,2024-09-13,delivered,cash,EUR,69.86,5.0,349.3,app
2512,ORD100349,C24814,2024-09-21,2024-09-28,delivered,credit_card,EUR,92.26,5.0,461.3,web
1963,ORD101963,C83646,2025-04-24,2025-05-01,processing,credit_card,EUR,22.28,1.0,22.28,web
173,ORD100173,C75011,2024-05-17,2024-05-24,delivered,credit_card,EUR,15.45,5.0,77.25,web
1423,ORD101423,C70713,2024-11-01,2024-11-04,processing,paypal,EUR,16.85,2.0,33.7,web
1803,ORD101803,C33349,2024-01-25,2024-01-27,delivered,credit_card,EUR,18.29,1.0,18.29,web
741,ORD100741,C78627,2024-06-01,2024-06-02,delivered,paypal,USD,22.8,3.0,68.4,app
1669,ORD101669,C75318,2025-05-08,2025-05-15,delivered,paypal,EUR,44.43,1.0,44.43,app
1165,ORD101165,C19448,2024-11-25,2024-11-29,delivered,paypal,EUR,31.25,1.0,31.25,web
1846,ORD101846,C46229,2024-02-06,2024-02-15,shipped,credit_card,EUR,31.59,5.0,157.95,web
2432,ORD102432,C24624,2025-10-19,2025-10-23,shipped,paypal,EUR,30.62,4.0,122.48,app
2011,ORD102011,C45363,2025-01-16,2025-01-17,delivered,cash,EUR,58.33,4.0,233.32,partner
2330,ORD102330,C15864,2024-09-11,2024-09-19,delivered,credit_card,EUR,20.33,1.0,20.33,partner
532,ORD100532,C24027,2025-02-15,2025-02-16,delivered,credit_card,EUR,56.23,5.0,281.15,web
170,ORD100170,C19552,2025-08-01,2025-08-03,shipped,paypal,USD,14.47,3.0,43.41,app
911,ORD100911,C26517,2025-12-22,2025-12-29,delivered,credit_card,EUR,24.87,2.0,49.74,web
2142,ORD102142,C96619,2025-11-27,2025-11-30,delivered,paypal,USD,28.89,5.0,144.45,web
210,ORD100210,C33502,2024-02-18,2024-02-27,processing,credit_card,EUR,17.82,1.0,17.82,web
478,ORD100478,C69719,2024-07-25,2024-08-02,shipped,credit_card,USD,28.8,3.0,86.4,web
862,ORD100862,C20820,2024-02-03,2024-02-07,delivered,paypal,EUR,14.46,4.0,57.84,app
798,ORD100798,C38384,2025-01-28,2025-01-30,delivered,paypal,EUR,71.61,0.0,358.05,web
1938,ORD101938,C96381,2024-09-08,2024-09-11,delivered,credit_card,EUR,21.51,1.0,21.51,app
678,ORD100678,C57089,2024-06-06,2024-06-14,delivered,paypal,EUR,20.86,1.0,20.86,partner
829,ORD100829,C12609,2025-11-01,2025-11-10,delivered,paypal,EUR,37.39,5.0,186.95,partner
2100,ORD102100,C92188,2025-12-23,2025-12-29,shipped,credit_card,EUR,25.65,4.0,102.6,web
1512,ORD101512,C76954,2025-05-19,2025-05-20,processing,credit_card,USD,24.64,1.0,24.64,app
2485,ORD102485,C42467,2024-02-07,2024-02-15,delivered,paypal,USD,19.36,4.0,77.44,app
221,ORD100221,C51019,2025-05-03,2025-05-12,cancelled,credit_card,USD,37.06,5.0,185.3,app
507,ORD100507,C32305,2024-11-06,2024-11-13,delivered,credit_card,USD,73.09,1.0,73.09,app
2270,ORD102270,C38841,2024-08-04,2024-08-07,shipped,cash,EUR,34.07,5.0,170.35,web
1190,ORD101190,C47396,2024-10-20,2024-10-23,delivered,paypal,EUR,31.02,2.0,62.04,app
1783,ORD101783,C95939,2024-11-13,2024-11-22,delivered,credit_card,EUR,25.62,3.0,76.86,web
821,ORD100821,C69910,2024-04-28,2024-04-29,delivered,paypal,EUR,12.38,2.0,24.76,web
1177,ORD101177,C27244,2025-07-16,2025-07-18,delivered,credit_card,EUR,30.59,1.0,30.59,app
632,ORD100632,C49050,2025-07-09,2025-07-14,delivered,credit_card,USD,17.59,2.0,35.18,web
168,ORD100168,C40085,2024-02-26,2024-03-03,delivered,credit_card,EUR,44.4,4.0,177.6,app
1196,ORD101196,C74212,2024-08-13,2024-08-21,delivered,paypal,EUR,45.88,3.0,137.64,web
748,ORD100748,C38171,2024-04-12,2024-04-20,cancelled,cash,EUR,34.78,4.0,139.12,web
2461,ORD102461,C29365,2025-01-04,2025-01-12,delivered,credit_card,EUR,24.41,4.0,97.64,web
1973,ORD101973,C40724,2024-04-09,2024-04-15,delivered,cash,EUR,32.2,5.0,161.0,web
2335,ORD102335,C58504,2025-01-20,2025-01-24,cancelled,cash,EUR,30.44,3.0,91.32,web
787,ORD100787,C71747,2024-05-26,2024-06-03,delivered,paypal,USD,47.44,2.0,94.88,web
1014,ORD101014,C56735,2024-07-11,2024-07-14,processing,credit_card,EUR,13.26,1.0,13.26,web
2063,ORD102063,C74779,2024-05-17,2024-05-18,cancelled,credit_card,EUR,42.42,1.0,42.42,web
1726,ORD101726,C95476,2024-11-24,2024-11-28,shipped,credit_card,USD,50.02,1.0,50.02,web
1418,ORD101418,C87486,2024-02-14,2024-02-20,shipped,cash,USD,22.6,1.0,22.6,web
1477,ORD101477,C45470,2025-12-22,2025-12-23,delivered,credit_card,USD,42.16,2.0,84.32,web
1864,ORD101864,C85167,2025-02-26,2025-02-28,shipped,credit_card,EUR,32.74,1.0,32.74,app
647,ORD100647,C58188,2025-09-03,2025-09-11,shipped,credit_card,EUR,12.69,2.0,25.38,app
111,ORD100111,C80264,2025-11-09,2025-11-11,cancelled,paypal,EUR,83.84,1.0,83.84,web
1968,ORD101968,C85528,2025-10-11,2025-10-20,processing,credit_card,EUR,51.62,1.0,51.62,web
1286,ORD101286,C91702,2024-05-09,2024-05-13,processing,credit_card,EUR,72.77,3.0,218.31,web
2174,ORD102174,C30985,2025-08-31,2025-09-02,shipped,credit_card,EUR,28.54,5.0,142.7,app
670,ORD100670,C95725,2025-04-04,2025-04-08,processing,paypal,USD,23.79,1.0,23.79,partner
296,ORD100296,C86479,2025-09-28,2025-10-01,shipped,cash,EUR,42.29,3.0,126.87,web
1044,ORD101044,C73825,2024-01-28,2024-01-29,delivered,credit_card,EUR,88.17,3.0,264.51,web
2117,ORD102117,C58786,2025-03-13,2025-03-14,delivered,paypal,EUR,33.55,5.0,167.75,app
1662,ORD101662,C26672,2025-02-15,2025-02-23,cancelled,credit_card,EUR,35.43,4.0,141.72,app
1948,ORD101948,C10149,2025-02-06,2025-02-13,delivered,paypal,EUR,77.97,5.0,389.85,web
1640,ORD101640,C74944,2025-06-14,2025-06-21,delivered,credit_card,EUR,31.25,3.0,93.75,app
482,ORD100482,,2025-08-08,2025-08-16,delivered,credit_card,USD,25.07,2.0,50.14,web
801,ORD100801,C37173,2024-07-13,2024-07-16,delivered,paypal,EUR,50.83,5.0,254.15,web
2530,ORD101525,C14263,2024-04-12,2024-04-15,processing,cash,EUR,57.62,1.0,57.62,partner
282,ORD100282,C70400,2025-07-10,2025-07-12,shipped,cash,EUR,27.24,1.0,27.24,partner
1674,ORD101674,C74584,2024-10-19,2024-10-20,shipped,paypal,USD,59.86,1.0,59.86,web
324,ORD100324,C97763,2025-03-28,2025-03-29,processing,credit_card,USD,23.3,2.0,46.6,app
2282,ORD102282,C39136,2024-09-07,2024-09-09,processing,credit_card,EUR,31.62,1.0,31.62,web
321,ORD100321,C19696,2025-08-29,2025-09-06,shipped,paypal,EUR,15.82,2.0,31.64,web
212,ORD100212,C81009,2025-11-18,2025-11-23,delivered,cash,EUR,55.22,4.0,220.88,app
1689,ORD101689,C18466,2025-10-19,2025-10-25,delivered,credit_card,EUR,40.03,4.0,160.12,app
1491,ORD101491,C54054,2025-07-05,2025-07-11,delivered,paypal,EUR,23.26,4.0,93.04,web
923,ORD100923,C23061,2024-10-06,2024-10-15,delivered,credit_card,USD,42.91,5.0,214.55,app
432,ORD100432,C84335,2024-04-28,2024-05-07,delivered,paypal,EUR,50.32,4.0,201.28,web
1004,ORD101004,C21543,2024-01-13,2024-01-20,shipped,credit_card,EUR,29.46,5.0,147.3,web
2506,ORD101935,C24721,2025-11-10,2025-11-17,delivered,paypal,EUR,38.94,4.0,155.76,web
2181,ORD102181,C31620,2024-05-04,2024-05-10,delivered,credit_card,EUR,19.92,3.0,59.76,web
461,ORD100461,C22630,2024-11-04,2024-11-07,processing,credit_card,EUR,59.83,2.0,119.66,web
2220,ORD102220,C95130,2025-02-22,2025-02-28,delivered,credit_card,EUR,25.77,1.0,25.77,web
1255,ORD101255,C17633,2024-08-22,2024-08-24,delivered,cash,EUR,45.98,1.0,45.98,web
1161,ORD101161,C54893,2024-12-08,2024-12-09,processing,credit_card,EUR,36.6,5.0,183.0,web
218,ORD100218,C50231,2025-02-27,2025-03-04,delivered,credit_card,EUR,34.86,2.0,69.72,app
479,ORD100479,C19822,2024-12-13,2024-12-17,cancelled,cash,EUR,15.09,3.0,45.27,web
2392,ORD102392,C65543,2024-02-12,2024-02-20,delivered,credit_card,EUR,32.04,1.0,32.04,web
1174,ORD101174,C10769,2025-04-17,2025-04-23,shipped,credit_card,EUR,35.66,3.0,106.98,web
565,ORD100565,C31306,2025-02-06,2025-02-12,delivered,credit_card,EUR,32.13,3.0,96.39,web
2337,ORD102337,C83727,2024-02-19,2024-02-25,delivered,credit_card,EUR,16.55,4.0,66.2,web
2208,ORD102208,C31106,2025-07-15,2025-07-19,delivered,credit_card,EUR,43.68,1.0,43.68,web
1626,ORD101626,C62002,2024-02-03,2024-02-04,delivered,paypal,EUR,31.39,4.0,125.56,app
1822,ORD101822,C37146,2024-12-04,2024-12-09,shipped,credit_card,EUR,50.32,4.0,201.28,web
1709,ORD101709,C29093,2025-03-19,2025-03-24,delivered,credit_card,EUR,31.86,2.0,63.72,web
1037,ORD101037,C11321,2024-04-06,2024-04-08,delivered,credit_card,USD,26.33,4.0,105.32,web
2495,ORD102495,C28484,2024-06-03,2024-06-11,delivered,paypal,EUR,19.52,1.0,19.52,web
1403,ORD101403,C39023,2024-01-09,2024-01-18,delivered,credit_card,EUR,35.28,2.0,70.56,web
1437,ORD101437,C68762,2024-12-11,2024-12-19,shipped,credit_card,EUR,14.67,5.0,73.35,app
1361,ORD101361,C16044,2025-04-15,2025-04-16,delivered,paypal,EUR,13.08,1.0,13.08,partner
1055,ORD101055,C99590,2024-11-23,2024-11-27,shipped,credit_card,EUR,38.87,2.0,77.74,web
1199,ORD101199,C65831,2025-07-09,2025-07-13,delivered,cash,EUR,21.57,5.0,107.85,app
1405,ORD101405,C23989,2025-07-11,2025-07-20,shipped,paypal,EUR,14.27,1.0,14.27,web
1525,ORD101525,C14263,2024-04-12,2024-04-15,processing,cash,EUR,57.62,1.0,57.62,partner
900,ORD100900,C10394,2025-08-18,2025-08-25,delivered,paypal,EUR,52.04,4.0,208.16,web
2177,ORD102177,C53254,2025-02-19,2025-02-20,delivered,cash,EUR,64.84,,259.36,app
2569,ORD100251,C54458,2024-02-29,2024-03-07,shipped,credit_card,EUR,26.52,1.0,26.52,web
254,ORD100254,C69453,2025-12-25,2025-12-30,cancelled,paypal,EUR,22.81,4.0,91.24,app
564,ORD100564,C90019,2025-05-31,2025-06-03,delivered,cash,USD,45.55,1.0,45.55,app
782,ORD100782,C21046,2025-12-09,2025-12-15,delivered,credit_card,EUR,39.36,5.0,196.8,app
568,ORD100568,C67830,2024-04-18,2024-04-27,shipped,credit_card,EUR,36.79,4.0,147.16,app
51,ORD100051,C27517,2024-08-22,2024-08-29,delivered,credit_card,EUR,24.05,4.0,96.2,web
1351,ORD101351,C45312,2024-02-03,2024-02-08,delivered,cash,EUR,19.11,4.0,76.44,web
662,ORD100662,C13163,2024-04-27,2024-05-01,delivered,credit_card,EUR,29.98,4.0,119.92,web
1935,ORD101935,C24721,2025-11-10,2025-11-17,delivered,paypal,EUR,38.94,4.0,155.76,web
2156,ORD102156,C49848,2024-04-07,2024-04-10,cancelled,cash,EUR,100.54,1.0,100.54,web
840,ORD100840,C36001,2025-01-30,2025-02-01,delivered,credit_card,EUR,28.36,1.0,28.36,web
707,ORD100707,C61518,2025-08-18,2025-08-26,delivered,paypal,EUR,15.46,2.0,30.92,web
259,ORD100259,C62887,2024-11-09,2024-11-16,delivered,credit_card,EUR,20.97,1.0,20.97,web
96,ORD100096,C31559,2024-12-31,2025-01-09,delivered,paypal,EUR,31.78,3.0,95.34,app
251,ORD100251,C54458,2024-02-29,2024-03-07,shipped,credit_card,EUR,26.52,1.0,26.52,web
2046,ORD102046,C50757,2025-03-07,2025-03-13,processing,credit_card,EUR,28.97,5.0,144.85,web
2166,ORD102166,C38443,2024-08-12,2024-08-18,cancelled,paypal,USD,12.48,1.0,12.48,web
1216,ORD101216,C55639,2024-09-12,2024-09-15,shipped,credit_card,EUR,0.0,3.0,225.36,web
1857,ORD101857,C62579,2024-07-06,2024-07-11,delivered,credit_card,EUR,25.78,1.0,25.78,web
1659,ORD101659,C32829,2024-01-23,2024-01-26,delivered,credit_card,EUR,23.17,3.0,69.51,app
973,ORD100973,C52671,2025-10-09,2025-10-17,delivered,cash,EUR,34.0,4.0,136.0,web
1924,ORD101924,C42523,2024-08-17,2024-08-26,delivered,credit_card,EUR,75.84,5.0,379.2,web
1835,ORD101835,C22401,2024-11-07,2024-11-12,delivered,credit_card,USD,21.97,3.0,65.91,web
650,ORD100650,C54032,2025-06-05,2025-06-07,delivered,cash,EUR,73.52,4.0,294.08,web
643,ORD100643,C53281,2025-02-19,2025-02-27,delivered,credit_card,EUR,43.15,1.0,43.15,web
1624,ORD101624,C59801,2025-07-30,2025-08-07,processing,credit_card,USD,19.34,5.0,96.7,app
1298,ORD101298,C57754,2024-01-08,2024-01-17,delivered,credit_card,EUR,18.53,1.0,18.53,web
930,ORD100930,C58378,2024-07-01,2024-07-03,delivered,cash,EUR,75.19,3.0,225.57,web
1583,ORD101583,C47261,2025-07-29,2025-08-05,delivered,credit_card,EUR,18.63,4.0,74.52,web
912,ORD100912,C43873,2024-06-11,2024-06-20,delivered,credit_card,EUR,80.89,4.0,323.56,app
657,ORD100657,C66961,2025-12-28,2026-01-06,delivered,paypal,EUR,20.43,2.0,40.86,web
1194,ORD101194,C57323,2024-10-15,2024-10-23,shipped,credit_card,EUR,67.57,3.0,202.71,web
1987,ORD101987,C29075,2024-07-05,2024-07-08,delivered,credit_card,EUR,37.36,1.0,37.36,web
755,ORD100755,C49410,2024-05-18,2024-05-21,cancelled,paypal,EUR,37.68,2.0,75.36,web
2186,ORD102186,C37484,2025-11-24,2025-11-27,delivered,credit_card,USD,14.24,1.0,14.24,web
1061,ORD101061,C71889,2024-05-04,2024-05-08,delivered,credit_card,EUR,23.59,5.0,117.95,web
668,ORD100668,C92703,2025-08-24,2025-08-25,delivered,paypal,EUR,21.85,1.0,21.85,app
30,ORD100030,C50540,2025-10-31,2025-11-02,shipped,credit_card,EUR,16.07,4.0,64.28,web
1600,ORD101600,C37134,2024-03-08,2024-03-15,delivered,credit_card,EUR,16.52,3.0,49.56,web
2073,ORD102073,C40812,2025-10-11,2025-10-13,delivered,credit_card,EUR,19.89,3.0,59.67,app
2434,ORD102434,C50541,2024-10-04,2024-10-08,shipped,credit_card,USD,12.21,2.0,24.42,web
1290,ORD101290,C31028,2024-03-22,2024-03-26,delivered,paypal,USD,37.15,5.0,185.75,web
789,ORD100789,C11107,2024-05-15,2024-05-22,delivered,credit_card,EUR,32.89,3.0,98.67,partner
2229,ORD102229,C98272,2025-05-01,2025-05-04,delivered,cash,USD,18.79,1.0,18.79,web
1657,ORD101657,C88649,2024-08-08,2024-08-14,delivered,cash,EUR,19.29,5.0,96.45,web
1900,ORD101900,C58137,2024-10-04,2024-10-05,shipped,credit_card,EUR,25.68,2.0,51.36,web
1501,ORD101501,C33431,2025-09-08,2025-09-11,delivered,credit_card,EUR,41.96,2.0,83.92,app
298,ORD100298,C35610,2025-06-01,2025-06-05,shipped,credit_card,EUR,18.28,5.0,91.4,web
2442,ORD102442,C10849,2025-09-04,2025-09-08,delivered,paypal,EUR,21.88,2.0,43.76,partner
761,ORD100761,C59768,2024-12-16,2024-12-24,shipped,cash,EUR,52.48,2.0,104.96,app
1771,ORD101771,C43948,2025-01-23,2025-01-31,delivered,credit_card,EUR,74.63,3.0,223.89,web
237,ORD100237,C48887,2024-05-17,2024-05-20,delivered,credit_card,EUR,62.41,4.0,249.64,web
109,ORD100109,C73464,2025-08-27,2025-08-31,delivered,paypal,USD,19.13,4.0,76.52,web
2238,ORD102238,C52855,2024-09-12,2024-09-17,delivered,credit_card,EUR,48.55,2.0,97.1,web
1524,ORD101524,C64322,2024-11-28,2024-12-04,shipped,credit_card,EUR,21.97,5.0,109.85,app
1050,ORD101050,C55747,2024-11-17,2024-11-25,cancelled,credit_card,EUR,24.55,1.0,24.55,app
1546,ORD101546,C71871,2024-11-26,2024-11-29,delivered,credit_card,EUR,28.08,3.0,84.24,web
252,ORD100252,C26940,2025-03-01,2025-03-05,,credit_card,USD,36.93,1.0,36.93,app
1820,ORD101820,C38141,2025-04-26,2025-05-03,cancelled,paypal,EUR,238.8,5.0,1194.0,app
1310,ORD101310,C57176,2024-06-16,2024-06-17,delivered,credit_card,USD,51.59,1.0,51.59,web
2008,ORD102008,C80886,2024-07-13,2024-07-19,shipped,credit_card,EUR,28.01,3.0,84.03,web
2021,ORD102021,C69394,2025-05-25,2025-05-29,delivered,cash,EUR,22.36,5.0,111.8,app
1556,ORD101556,C90702,2025-09-11,2025-09-13,delivered,cash,EUR,42.57,5.0,212.85,app
2173,ORD102173,C78819,2025-09-26,2025-10-04,delivered,paypal,EUR,76.81,4.0,307.24,app
2249,ORD102249,C48114,2024-09-23,2024-09-24,delivered,paypal,EUR,29.17,4.0,116.68,app
1509,ORD101509,C71492,2024-03-25,2024-04-02,shipped,credit_card,EUR,35.36,4.0,141.44,app
1124,ORD101124,C85651,2025-08-31,2025-09-09,shipped,credit_card,EUR,90.84,3.0,272.52,web
443,ORD100443,C53972,2024-05-17,2024-05-21,delivered,paypal,EUR,27.57,1.0,27.57,web
2115,ORD102115,C28226,2024-11-11,2024-11-15,delivered,cash,EUR,56.85,1.0,56.85,web
2390,ORD102390,C50903,2025-09-04,2025-09-10,delivered,credit_card,EUR,44.05,3.0,132.15,web
554,ORD100554,C98597,2025-07-29,2025-08-05,shipped,paypal,USD,53.58,3.0,160.74,web
2051,ORD102051,C37222,2024-01-27,2024-02-05,shipped,credit_card,EUR,23.65,3.0,70.95,web
486,ORD100486,C40081,2025-06-30,2025-07-05,delivered,cash,USD,36.25,3.0,108.75,web
654,ORD100654,C59772,2024-02-20,2024-02-25,delivered,credit_card,EUR,50.1,1.0,50.1,app
2492,ORD102492,C93639,2025-12-25,2026-01-01,shipped,paypal,EUR,30.33,3.0,90.99,web
393,ORD100393,C63943,2025-10-29,2025-11-06,shipped,credit_card,EUR,29.18,4.0,116.72,app
1105,ORD101105,C26283,2024-04-08,2024-04-10,delivered,cash,EUR,11.84,1.0,11.84,web
838,ORD100838,C11311,2025-09-19,2025-09-27,delivered,credit_card,EUR,60.29,1.0,60.29,web
1413,ORD101413,C81276,2025-02-06,2025-02-12,delivered,cash,EUR,35.34,3.0,106.02,web
2565,ORD100006,C17735,2024-12-02,2024-12-11,processing,paypal,USD,33.82,5.0,169.1,app
1788,ORD101788,C52558,2025-07-12,2025-07-13,processing,paypal,EUR,23.92,2.0,47.84,web
1146,ORD101146,C57820,2025-04-14,2025-04-21,delivered,paypal,EUR,16.37,1.0,16.37,web
1456,ORD101456,C98613,2025-01-15,2025-01-21,processing,credit_card,EUR,35.03,1.0,35.03,app
100,ORD100100,C84945,2025-09-23,2025-09-25,delivered,credit_card,USD,16.42,2.0,32.84,web
1094,ORD101094,C39573,2024-06-30,2024-07-05,delivered,cash,EUR,54.31,3.0,162.93,web
1756,ORD101756,C41327,2024-08-27,2024-09-04,delivered,paypal,EUR,51.49,5.0,257.45,app
261,ORD100261,C25353,2024-11-11,2024-11-20,processing,credit_card,USD,35.17,4.0,140.68,app
812,ORD100812,C71603,2025-11-10,2025-11-13,delivered,paypal,EUR,44.09,4.0,176.36,partner
617,ORD100617,C33981,2025-04-15,2025-04-16,shipped,paypal,EUR,13.19,4.0,52.76,app
1754,ORD101754,C66398,2024-09-06,2024-09-14,cancelled,credit_card,USD,20.14,4.0,80.56,web
2059,ORD102059,C46282,2025-04-18,2025-04-23,shipped,credit_card,EUR,35.42,4.0,141.68,partner
179,ORD100179,C55093,2024-09-30,2024-10-04,delivered,credit_card,USD,53.76,1.0,53.76,app
1221,ORD101221,C59778,2025-03-01,2025-03-03,delivered,credit_card,EUR,41.32,2.0,82.64,partner
2478,ORD102478,C17001,2025-11-06,2025-11-09,cancelled,credit_card,EUR,48.17,4.0,192.68,web
1792,ORD101792,C40943,2024-12-26,2025-01-01,delivered,paypal,EUR,45.91,5.0,229.55,web
1399,ORD101399,C36944,2025-11-07,2025-11-13,delivered,paypal,EUR,30.81,1.0,30.81,app
1268,ORD101268,C95782,2025-08-13,2025-08-21,shipped,credit_card,EUR,16.11,1.0,16.11,app
1204,ORD101204,C68578,2025-11-21,2025-11-23,delivered,credit_card,EUR,-1.0,4.0,253.8,web
742,ORD100742,C67104,2025-10-18,2025-10-19,processing,paypal,USD,38.37,3.0,115.11,web
1032,ORD101032,C75769,2024-02-14,2024-02-21,delivered,credit_card,EUR,22.7,4.0,90.8,partner
2362,ORD102362,C96564,2025-10-13,2025-10-19,delivered,cash,EUR,24.1,5.0,120.5,app
291,ORD100291,C34027,2024-04-23,2024-05-02,delivered,credit_card,EUR,35.58,2.0,71.16,web
141,ORD100141,C29312,2024-12-28,2024-12-31,shipped,credit_card,USD,24.69,4.0,98.76,web
1451,ORD101451,C13697,2024-06-09,2024-06-18,processing,credit_card,EUR,25.48,5.0,127.4,web
2543,ORD102356,C47042,2025-09-10,2025-09-11,delivered,paypal,EUR,31.23,2.0,62.46,web
2376,ORD102376,C86832,2024-10-28,2024-11-06,in_progress,credit_card,USD,50.54,4.0,202.16,app
1005,ORD101005,,2025-10-11,2025-10-13,delivered,credit_card,EUR,32.52,5.0,162.6,web
433,ORD100433,C21795,2024-11-13,2024-11-17,cancelled,credit_card,EUR,22.71,1.0,22.71,app
1967,ORD101967,C52187,2025-11-25,2025-12-03,shipped,credit_card,EUR,43.5,1.0,43.5,app
521,ORD100521,C23155,2024-04-05,2024-04-12,shipped,credit_card,EUR,39.68,3.0,119.04,web
411,ORD100411,C30668,2024-03-07,2024-03-15,delivered,paypal,EUR,23.34,3.0,70.02,web
866,ORD100866,C83781,2025-03-29,2025-04-04,shipped,paypal,EUR,20.68,3.0,62.04,app
1054,ORD101054,C16894,2024-10-30,2024-11-03,in_progress,credit_card,EUR,42.65,3.0,127.95,app
1627,ORD101627,C62616,2024-03-07,2024-03-16,delivered,credit_card,EUR,37.76,1.0,37.76,partner
247,ORD100247,C47422,2025-08-14,2025-08-20,delivered,credit_card,EUR,32.95,1.0,32.95,web
1560,ORD101560,C36201,2024-04-15,2024-04-17,processing,credit_card,USD,21.56,2.0,43.12,app
414,ORD100414,C11616,2024-10-24,2024-11-02,delivered,paypal,USD,35.38,1.0,35.38,app
1779,ORD101779,C71609,2025-09-09,2025-09-14,shipped,paypal,USD,20.68,5.0,103.4,web
1569,ORD101569,C98617,2024-03-14,2024-03-23,delivered,cash,EUR,27.0,1.0,27.0,web
1798,ORD101798,C53097,2024-01-27,2024-01-31,delivered,credit_card,EUR,31.64,5.0,158.2,app
347,ORD100347,C94242,2024-10-09,2024-10-17,delivered,card,EUR,45.24,2.0,90.48,web
599,ORD100599,C67822,2024-07-18,2024-07-22,delivered,credit_card,USD,66.44,4.0,265.76,app
736,ORD100736,C75747,2024-09-22,2024-09-29,processing,paypal,USD,43.05,3.0,129.15,app
29,ORD100029,C49906,2025-02-25,2025-03-05,shipped,credit_card,EUR,40.08,2.0,80.16,web
2000,ORD102000,C89030,2025-05-21,2025-05-25,delivered,paypal,EUR,28.64,2.0,57.28,web
1591,,C41182,2024-01-31,2024-02-08,shipped,paypal,EUR,22.03,5.0,110.15,web
705,ORD100705,C60844,2025-05-10,2025-05-16,delivered,credit_card,EUR,23.77,2.0,47.54,web
618,ORD100618,C15501,2024-01-18,2024-01-26,delivered,paypal,EUR,31.16,3.0,93.48,web
932,ORD100932,C33174,2024-05-31,2024-06-09,processing,credit_card,USD,18.55,4.0,74.2,partner
1368,ORD101368,C96682,2024-06-10,2024-06-13,shipped,credit_card,EUR,26.02,1.0,26.02,web
2058,ORD102058,C45479,2025-07-02,2025-07-11,delivered,credit_card,EUR,23.29,5.0,116.45,web
157,ORD100157,C60132,2024-07-16,2024-07-25,delivered,credit_card,EUR,25.1,4.0,100.4,web
2429,ORD102429,C34362,2024-06-11,2024-06-18,delivered,cash,EUR,31.27,3.0,93.81,web
2084,ORD102084,C21816,2025-03-04,2025-03-05,shipped,paypal,USD,33.68,1.0,33.68,web
1776,ORD101776,C39903,2024-02-19,2024-02-25,delivered,credit_card,USD,35.32,5.0,176.6,web
2105,ORD102105,C34763,2024-12-10,2024-12-17,delivered,credit_card,USD,46.38,3.0,139.14,app
611,ORD100611,C51651,2025-07-11,2025-07-15,delivered,paypal,EUR,13.69,4.0,54.76,app
332,ORD100332,C37895,2024-08-07,2024-08-15,delivered,credit_card,EUR,17.94,5.0,89.7,web
430,ORD100430,C17594,2024-05-07,2024-05-10,delivered,credit_card,EUR,19.15,2.0,38.3,app
1621,ORD101621,C10360,2025-11-22,2025-11-24,shipped,credit_card,USD,32.16,4.0,128.64,web
2292,ORD102292,C31169,2025-12-10,2025-12-11,delivered,,EUR,16.87,1.0,16.87,web
410,ORD100410,C25684,2024-03-23,2024-03-30,shipped,credit_card,USD,14.48,5.0,72.4,web
1692,ORD101692,C69166,2025-06-25,2025-06-26,delivered,cash,EUR,53.47,1.0,53.47,web
1404,ORD101404,C25964,2025-09-30,2025-10-01,delivered,credit_card,USD,45.16,4.0,180.64,web
353,ORD100353,C49158,2024-03-06,2024-03-10,delivered,paypal,EUR,20.07,5.0,100.35,app
944,ORD100944,C21640,2025-11-01,2025-11-03,cancelled,credit_card,USD,35.57,2.0,71.14,web
208,ORD100208,C33716,2025-06-17,2025-06-21,delivered,credit_card,EUR,21.42,1.0,21.42,web
435,ORD100435,C21137,2024-06-16,2024-06-21,delivered,credit_card,EUR,72.43,2.0,144.86,web
1552,ORD101552,C57992,2025-07-13,2025-07-18,delivered,paypal,USD,16.09,3.0,48.27,web
518,ORD100518,C52787,2025-03-13,2025-03-16,delivered,credit_card,EUR,38.36,4.0,153.44,web
1414,ORD101414,C62650,2025-07-31,2025-08-03,delivered,credit_card,EUR,25.83,5.0,129.15,app
1970,ORD101970,C84586,2024-10-21,2024-10-26,processing,paypal,EUR,33.93,4.0,135.72,app
2340,ORD102340,C48104,2025-07-11,2025-07-16,cancelled,credit_card,EUR,84.67,1.0,84.67,web
1281,ORD101281,C76548,2024-06-15,2024-06-22,cancelled,credit_card,EUR,14.86,3.0,44.58,web
1110,ORD101110,C66887,,2025-02-17,shipped,credit_card,EUR,16.63,3.0,49.89,app
57,ORD100057,C23885,2025-09-25,2025-09-29,delivered,credit_card,EUR,15.29,3.0,45.87,web
2126,ORD102126,C37693,2024-01-03,2024-01-07,cancelled,credit_card,EUR,26.29,5.0,131.45,web
2302,ORD102302,C61287,2024-06-10,2024-06-11,delivered,cash,EUR,10.2,4.0,40.8,web
1725,ORD101725,C80465,2024-05-10,2024-05-12,cancelled,credit_card,USD,44.99,4.0,179.96,web
873,ORD100873,C21243,2025-01-02,2025-01-08,delivered,,EUR,19.61,2.0,39.22,web
199,ORD100199,C96569,2024-03-27,2024-04-01,cancelled,credit_card,EUR,25.28,5.0,126.4,web
229,ORD100229,C25909,2024-12-03,2024-12-12,cancelled,card,EUR,52.58,4.0,210.32,app
819,ORD100819,C99918,2024-01-26,2024-02-02,delivered,credit_card,EUR,25.45,1.0,25.45,app
942,ORD100942,C92233,2024-11-28,2024-12-07,delivered,credit_card,EUR,23.07,3.0,69.21,web
463,ORD100463,C47719,2024-02-18,2024-02-23,delivered,paypal,EUR,45.0,4.0,180.0,web
1011,ORD101011,C81987,2025-02-26,2025-03-07,shipped,card,EUR,16.38,2.0,32.76,web
2168,ORD102168,C94246,2025-06-22,2025-06-26,done,credit_card,USD,46.37,3.0,139.11,web
1352,ORD101352,C54621,2024-03-17,2024-03-21,delivered,paypal,EUR,37.22,5.0,186.1,app
315,ORD100315,C69347,2024-03-09,2024-03-13,delivered,credit_card,EUR,22.59,3.0,67.77,app
2486,ORD102486,C31986,2025-12-07,2025-12-16,shipped,credit_card,USD,28.91,2.0,57.82,web
2224,ORD102224,C46096,2024-07-31,2024-08-08,delivered,paypal,EUR,24.32,2.0,48.64,web
2515,ORD100954,C80701,2025-08-21,2025-08-25,processing,credit_card,EUR,18.49,5.0,92.45,web
69,ORD100069,C52259,2025-11-08,2025-11-14,processing,credit_card,USD,31.09,2.0,62.18,web
2477,ORD102477,C25852,2024-03-22,2024-03-26,delivered,credit_card,USD,24.23,2.0,48.46,app
976,ORD100976,C18571,2025-02-04,2025-02-06,cancelled,paypal,EUR,30.51,1.0,30.51,app
135,ORD100135,C37355,2024-01-20,2024-01-22,delivered,credit_card,EUR,28.55,3.0,85.65,web
1193,ORD101193,C73272,2024-08-26,2024-09-03,delivered,credit_card,EUR,15.15,5.0,75.75,web
1080,ORD101080,C92832,2025-10-06,2025-10-07,shipped,credit_card,EUR,56.9,2.0,113.8,app
1018,ORD101018,C13749,2025-05-10,2025-05-19,delivered,paypal,EUR,75.21,1.0,75.21,web
767,ORD100767,C53142,2025-05-19,2025-05-26,shipped,paypal,EUR,19.2,4.0,76.8,web
1336,ORD101336,C67441,2024-05-23,2024-05-28,shipped,credit_card,EUR,45.19,5.0,225.95,web
231,ORD100231,C87094,2025-01-16,2025-01-23,delivered,cash,EUR,32.72,2.0,65.44,app
522,ORD100522,C27306,2024-10-09,2024-10-14,in_progress,credit_card,USD,45.16,2.0,90.32,web
1723,ORD101723,C75801,2025-01-24,2025-01-29,delivered,credit_card,EUR,32.66,2.0,65.32,web
2254,ORD102254,C36556,2024-06-03,2024-06-04,processing,credit_card,EUR,51.08,5.0,255.4,app
2016,ORD102016,C47253,2024-09-14,2024-09-16,delivered,credit_card,USD,35.3,1.0,35.3,web
2019,ORD102019,C51498,2024-11-09,2024-11-14,delivered,credit_card,EUR,38.76,2.0,77.52,app
961,ORD100961,C46790,2025-11-21,2025-11-25,shipped,credit_card,EUR,10.49,5.0,52.45,web
2185,ORD102185,C36038,2025-06-16,2025-06-20,delivered,credit_card,EUR,39.76,2.0,79.52,app
2096,ORD102096,C94574,2025-10-19,2025-10-21,delivered,credit_card,EUR,27.09,4.0,108.36,web
1989,ORD101989,C93139,2024-10-09,2024-10-10,in_progress,credit_card,USD,27.41,5.0,137.05,web
1508,ORD101508,C87693,2024-05-18,2024-05-19,delivered,credit_card,EUR,44.56,3.0,133.68,web
1530,ORD101530,C18083,2025-01-30,2025-02-01,delivered,credit_card,EUR,52.79,2.0,105.58,web
279,ORD100279,C17445,2024-02-02,2024-02-11,delivered,paypal,EUR,20.54,4.0,82.16,app
727,ORD100727,C17893,2024-10-03,2024-10-09,delivered,credit_card,EUR,25.47,1.0,25.47,partner
867,ORD100867,C85417,2024-07-29,2024-08-06,shipped,paypal,EUR,18.1,2.0,36.2,app
1825,ORD101825,C91146,2024-10-14,2024-10-17,delivered,credit_card,EUR,49.28,4.0,197.12,web
1117,ORD101117,C62779,2024-10-26,2024-11-04,delivered,credit_card,EUR,22.9,5.0,114.5,app
1213,ORD101213,C88011,2024-06-12,2024-06-18,shipped,credit_card,EUR,27.37,4.0,109.48,web
1452,ORD101452,C14612,2025-06-16,2025-06-18,processing,credit_card,EUR,55.26,4.0,221.04,web
322,ORD100322,C65317,2024-04-02,2024-04-10,delivered,cash,EUR,28.05,5.0,140.25,web
485,ORD100485,C30937,2025-04-18,2025-04-26,delivered,cash,EUR,39.93,4.0,159.72,app
572,ORD100572,C35404,2024-06-24,2024-06-30,done,credit_card,EUR,23.57,3.0,70.71,web
2080,ORD102080,C84450,2024-05-21,2024-05-25,shipped,paypal,EUR,20.73,3.0,62.19,web
2443,ORD102443,C29104,2025-09-23,2025-10-01,processing,credit_card,EUR,18.27,2.0,36.54,web
879,ORD100879,C66700,2024-10-15,2024-10-16,processing,credit_card,EUR,30.94,5.0,154.7,app
257,ORD100257,C19306,2025-04-08,2025-04-11,shipped,credit_card,EUR,25.89,2.0,51.78,app
408,ORD100408,C94092,2024-04-03,2024-04-10,processing,credit_card,EUR,23.7,5.0,118.5,web
2331,ORD102331,C87471,2024-03-19,2024-03-20,delivered,cash,EUR,29.73,5.0,148.65,web
440,ORD100440,C97579,2025-06-06,2025-06-07,processing,credit_card,EUR,27.61,4.0,110.44,web
76,ORD100076,C39717,2024-07-17,2024-07-26,shipped,credit_card,USD,43.53,5.0,217.65,web
1593,ORD101593,C11713,2024-11-21,2024-11-29,delivered,paypal,EUR,17.48,3.0,52.44,app
1920,ORD101920,C45395,2025-06-11,2025-06-18,delivered,paypal,EUR,39.88,5.0,199.4,app
1849,ORD101849,C24877,2024-09-14,2024-09-21,cancelled,cash,EUR,24.15,1.0,24.15,web
1875,ORD101875,C20858,2025-03-03,2025-03-07,delivered,credit_card,EUR,17.69,2.0,35.38,app
1098,ORD101098,C13710,2024-07-27,2024-07-29,processing,card,EUR,7.11,2.0,14.22,app
2026,ORD102026,C65252,2024-01-14,2024-01-20,shipped,credit_card,EUR,44.18,2.0,88.36,web
2057,ORD102057,C76465,2025-09-20,2025-09-23,shipped,credit_card,EUR,56.06,4.0,224.24,web
581,ORD100581,C85010,2025-08-22,2025-08-27,delivered,credit_card,EUR,20.17,4.0,80.68,web
495,ORD100495,C47131,2025-04-06,2025-04-11,delivered,credit_card,EUR,37.13,5.0,185.65,app
1134,ORD101134,C65244,2025-12-03,2025-12-11,delivered,credit_card,EUR,29.97,5.0,149.85,app
149,,C15247,2024-08-29,2024-09-02,cancelled,credit_card,EUR,23.27,3.0,69.81,web
464,ORD100464,C10585,2025-06-20,2025-06-25,delivered,credit_card,EUR,49.72,4.0,198.88,web
1261,ORD101261,C93222,2025-01-04,2025-01-11,delivered,credit_card,EUR,-10.0,4.0,75.6,app
2555,ORD100831,C31674,2025-09-14,2025-09-18,delivered,credit_card,EUR,51.73,1.0,51.73,web
602,ORD100602,C76513,2024-01-11,2024-01-19,processing,cash,EUR,20.59,2.0,41.18,web
1116,ORD101116,C99603,2024-02-07,2024-02-09,delivered,credit_card,EUR,26.64,1.0,26.64,app
1313,ORD101313,C86800,2024-11-19,2024-11-25,delivered,credit_card,USD,24.24,1.0,24.24,app
498,ORD100498,C93381,2024-11-13,2024-11-16,processing,credit_card,EUR,37.37,3.0,112.11,web
1561,ORD101561,C32883,2024-01-16,2024-01-21,shipped,credit_card,USD,43.04,1.0,43.04,app
2377,ORD102377,C22348,2024-11-15,2024-11-17,shipped,cash,USD,29.12,3.0,87.36,web
2023,ORD102023,C63971,2025-12-22,2025-12-23,cancelled,credit_card,EUR,25.61,2.0,51.22,web
438,ORD100438,C17278,2025-10-21,2025-10-26,delivered,cash,EUR,68.06,2.0,136.12,web
480,ORD100480,C35913,2025-06-08,2025-06-10,shipped,credit_card,EUR,41.93,2.0,83.86,app
457,ORD100457,C67057,2024-12-21,2024-12-24,delivered,paypal,EUR,30.37,4.0,121.48,web
163,ORD100163,C46574,2024-12-29,2025-01-07,delivered,credit_card,USD,26.31,3.0,78.93,app
402,ORD100402,C38837,2025-09-22,2025-09-24,delivered,credit_card,USD,29.08,3.0,87.24,web
1302,ORD101302,C72982,2025-08-11,2025-08-19,delivered,crypto,EUR,24.63,1.0,24.63,web
1047,ORD101047,C64075,2025-10-06,2025-10-07,processing,credit_card,EUR,18.97,2.0,37.94,web
1462,ORD101462,C14276,2025-04-25,2025-05-03,shipped,paypal,EUR,31.58,3.0,94.74,web
166,ORD100166,C38909,2024-06-24,2024-06-28,cancelled,credit_card,EUR,32.8,3.0,98.4,web
1386,ORD101386,C60441,2024-03-01,2024-03-02,processing,credit_card,EUR,32.0,3.0,96.0,app
1048,ORD101048,C70160,2024-08-12,2024-08-18,delivered,credit_card,EUR,17.64,4.0,70.56,app
1366,ORD101366,C37162,2025-01-16,2025-01-21,in_progress,credit_card,EUR,68.89,5.0,344.45,web
1322,ORD101322,C59469,2025-02-04,2025-02-07,delivered,cash,EUR,-10.0,4.0,99.44,web
49,ORD100049,C80053,2024-04-03,2024-04-11,delivered,cash,EUR,26.14,4.0,104.56,web
67,ORD100067,C43341,2025-04-07,2025-04-14,delivered,credit_card,EUR,21.63,4.0,86.52,app
2201,ORD102201,C10675,2024-02-11,2024-02-17,delivered,credit_card,EUR,33.65,1.0,33.65,app
1449,ORD101449,C19270,2024-05-07,2024-05-10,delivered,paypal,EUR,18.87,2.0,37.74,web
567,ORD100567,C32444,2025-05-30,2025-06-08,delivered,credit_card,EUR,21.03,5.0,105.15,web
48,ORD100048,C71012,2024-12-09,2024-12-17,delivered,credit_card,EUR,29.79,2.0,59.58,web
808,ORD100808,C45182,2024-01-18,2024-01-27,delivered,credit_card,EUR,38.91,1.0,38.91,web
756,ORD100756,C76373,2024-05-06,2024-05-08,delivered,credit_card,EUR,41.89,2.0,83.78,app
1195,ORD101195,C67038,2025-04-13,2025-04-16,delivered,credit_card,EUR,66.22,3.0,198.66,web
1960,ORD101960,C85570,2024-03-15,2024-03-19,delivered,credit_card,USD,63.85,5.0,319.25,web
124,ORD100124,C86956,2025-11-04,2025-11-08,delivered,credit_card,EUR,31.14,4.0,124.56,app
881,ORD100881,C86600,2025-07-29,2025-08-03,cancelled,credit_card,EUR,9.39,3.0,28.17,web
1983,ORD101983,C77574,2024-02-14,2024-02-15,delivered,paypal,EUR,32.84,1.0,32.84,web
471,ORD100471,C82391,2024-02-07,2024-02-15,shipped,credit_card,EUR,23.78,1.0,23.78,partner
2396,ORD102396,C95191,2025-09-13,2025-09-16,delivered,credit_card,EUR,21.97,2.0,43.94,app
929,ORD100929,C62020,2024-08-08,2024-08-17,cancelled,credit_card,EUR,43.6,1.0,43.6,web
2064,ORD102064,C63060,2025-10-17,2025-10-21,delivered,credit_card,EUR,28.49,3.0,85.47,partner
25,ORD100025,C67947,2024-08-24,2024-09-02,delivered,paypal,EUR,28.85,5.0,144.25,web
2456,ORD102456,C85641,2024-04-27,2024-05-04,cancelled,paypal,EUR,10.75,3.0,32.25,web
605,ORD100605,C58245,2024-08-09,2024-08-13,shipped,credit_card,EUR,89.43,5.0,447.15,web
2480,ORD102480,C68638,2025-10-20,2025-10-29,processing,credit_card,EUR,20.43,2.0,40.86,app
1670,ORD101670,C78679,2024-09-29,2024-10-01,processing,credit_card,EUR,44.57,1.0,44.57,app
2354,ORD102354,C37824,2024-02-10,2024-02-17,delivered,credit_card,EUR,39.05,4.0,156.2,web
361,ORD100361,C90170,2025-11-11,2025-11-13,delivered,credit_card,EUR,39.05,4.0,156.2,app
1360,ORD101360,C17417,2025-02-01,2025-02-09,delivered,credit_card,EUR,20.47,2.0,40.94,web
1228,ORD101228,C23861,2024-09-06,2024-09-09,shipped,credit_card,EUR,82.93,1.0,82.93,web
1941,ORD101941,C32786,2024-09-16,2024-09-17,delivered,credit_card,USD,28.71,3.0,86.13,web
1356,ORD101356,C40965,2024-09-19,2024-09-23,cancelled,credit_card,USD,36.46,2.0,72.92,app
2395,ORD102395,C69045,2024-10-22,2024-10-25,delivered,cash,USD,17.26,-1.0,86.3,web
2252,ORD102252,C31928,2025-08-12,2025-08-17,delivered,cash,EUR,29.67,5.0,148.35,web
2457,ORD102457,C94197,2024-09-29,2024-09-30,delivered,paypal,EUR,27.95,2.0,55.9,web
1898,ORD101898,C77236,2024-02-21,2024-02-27,delivered,,EUR,25.75,3.0,77.25,web
240,ORD100240,C22620,2024-05-15,2024-05-18,delivered,credit_card,EUR,44.03,3.0,132.09,partner
1623,ORD101623,C11492,2024-07-13,2024-07-19,delivered,credit_card,EUR,22.11,1.0,22.11,web
729,ORD100729,C69207,2025-09-02,2025-09-08,delivered,credit_card,EUR,86.12,2.0,172.24,web
2417,ORD102417,C33416,2024-07-18,2024-07-26,shipped,cash,EUR,34.8,2.0,69.6,app
1229,ORD101229,C35940,2025-04-12,2025-04-21,shipped,credit_card,EUR,26.66,3.0,79.98,web
350,ORD100350,C57983,2024-05-22,2024-05-25,delivered,cash,EUR,36.89,1.0,36.89,web
2356,ORD102356,C47042,2025-09-10,2025-09-11,delivered,paypal,EUR,31.23,2.0,62.46,web
810,ORD100810,C13975,2025-01-10,2025-01-16,,credit_card,USD,31.71,5.0,158.55,app
1690,ORD101690,C79498,2024-11-09,2024-11-17,delivered,credit_card,EUR,18.92,3.0,56.76,web
1185,ORD101185,C37677,2024-04-22,2024-04-25,delivered,paypal,EUR,21.75,4.0,87.0,web
1292,ORD101292,C49937,2024-07-05,2024-07-10,delivered,cash,EUR,29.04,2.0,58.08,web
2374,ORD102374,C72923,2024-05-19,2024-05-21,delivered,credit_card,EUR,44.11,2.0,88.22,web
1985,ORD101985,C81426,2024-09-26,2024-10-03,delivered,paypal,EUR,46.96,4.0,187.84,app
2244,ORD102244,C73978,2025-05-23,2025-05-25,delivered,credit_card,USD,7.94,2.0,15.88,web
2112,ORD102112,C92294,2025-07-28,2025-08-04,shipped,paypal,EUR,13.18,1.0,13.18,app
2052,ORD102052,C42506,2024-03-13,2024-03-19,delivered,credit_card,EUR,27.26,5.0,136.3,app
1927,ORD101927,C21309,2024-12-18,2024-12-23,delivered,cash,EUR,41.86,3.0,125.58,web
926,,C58712,2024-12-16,2024-12-22,delivered,paypal,EUR,49.25,5.0,246.25,web
781,ORD100781,C67336,2025-07-05,2025-07-11,delivered,cash,EUR,18.62,5.0,93.1,web
2010,ORD102010,C54705,2024-08-06,2024-08-08,delivered,credit_card,EUR,56.67,2.0,113.34,web
1697,ORD101697,C23443,2024-03-31,2024-04-03,cancelled,credit_card,EUR,16.12,4.0,64.48,web
2307,ORD102307,C23817,2025-10-14,2025-10-15,delivered,paypal,EUR,60.55,5.0,302.75,app
1861,ORD101861,C36642,2025-07-27,2025-08-04,delivered,cash,EUR,21.43,5.0,107.15,web
596,ORD100596,C62142,2024-05-07,2024-05-12,delivered,cash,EUR,69.49,2.0,138.98,app
1994,ORD101994,C77855,2024-08-12,2024-08-20,delivered,paypal,EUR,18.28,3.0,54.84,web
2567,ORD102419,C47678,2025-01-20,2025-01-21,delivered,credit_card,USD,38.31,2.0,76.62,web
123,ORD100123,C52398,2025-11-06,2025-11-10,processing,credit_card,EUR,21.92,4.0,87.68,app
790,ORD100790,C18610,2024-10-21,2024-10-23,delivered,paypal,EUR,13.81,2.0,27.62,app
2098,ORD102098,C77611,2025-11-29,2025-12-07,delivered,credit_card,EUR,25.89,5.0,129.45,app
406,ORD100406,C49032,2025-04-01,2025-04-07,in_progress,credit_card,EUR,10.46,5.0,52.3,web
903,ORD100903,C89572,2025-12-20,2025-12-25,processing,paypal,USD,15.82,3.0,47.46,app
621,ORD100621,C53008,2025-12-31,2026-01-03,delivered,credit_card,EUR,47.25,1.0,47.25,app
759,ORD100759,C75670,2024-10-26,2024-11-02,delivered,credit_card,EUR,31.51,-1.0,126.04,web
497,ORD100497,C43676,2024-09-11,2024-09-15,delivered,credit_card,EUR,39.07,5.0,195.35,app
1655,ORD101655,C30815,2024-05-16,2024-05-23,delivered,credit_card,USD,34.22,2.0,68.44,web
342,ORD100342,C65966,2025-07-12,2025-07-21,delivered,cash,EUR,17.48,2.0,34.96,web
1834,ORD101834,C46910,2025-11-01,2025-11-10,cancelled,credit_card,EUR,21.43,1.0,21.43,web
299,ORD100299,C11945,2024-10-17,2024-10-24,shipped,credit_card,EUR,32.35,2.0,64.7,app
2426,ORD102426,C24197,2024-10-18,2024-10-27,delivered,cash,EUR,26.87,2.0,53.74,web
1833,ORD101833,C16463,2025-10-15,2025-10-22,delivered,cash,EUR,17.07,3.0,51.21,web
1708,ORD101708,C31938,2024-06-14,2024-06-16,delivered,paypal,EUR,34.48,5.0,172.4,app
945,ORD100945,C20729,2025-06-04,2025-06-06,delivered,,EUR,40.17,2.0,80.34,web
1951,ORD101951,C64731,2024-07-04,2024-07-06,processing,cash,EUR,16.35,3.0,49.05,web
220,ORD100220,C21481,2025-04-03,2025-04-04,delivered,credit_card,EUR,59.53,2.0,119.06,partner
695,ORD100695,C32804,2024-05-08,2024-05-15,delivered,credit_card,EUR,110.13,4.0,440.52,web
1972,ORD101972,C71367,2024-12-22,2024-12-28,shipped,credit_card,EUR,44.53,4.0,178.12,web
2067,ORD102067,C91636,2025-05-29,2025-06-02,delivered,cash,USD,13.4,4.0,53.6,web
84,ORD100084,C66678,2024-09-13,2024-09-19,delivered,cash,EUR,39.72,5.0,198.6,web
1099,ORD101099,C49039,2025-03-30,2025-04-01,delivered,credit_card,EUR,41.86,5.0,209.3,app
266,ORD100266,C50232,2024-09-26,2024-10-02,delivered,credit_card,EUR,13.33,2.0,26.66,web
1713,ORD101713,C76013,2025-06-05,2025-06-10,delivered,paypal,EUR,36.06,2.0,72.12,partner
290,ORD100290,C82682,2025-11-15,2025-11-23,cancelled,credit_card,EUR,36.46,3.0,109.38,web
679,ORD100679,C94233,2024-05-04,2024-05-10,delivered,credit_card,EUR,42.88,4.0,171.52,web
680,ORD100680,C75106,2024-06-12,2024-06-13,processing,cash,EUR,48.34,3.0,145.02,web
416,ORD100416,C97236,2025-03-29,2025-04-04,delivered,credit_card,USD,23.48,4.0,93.92,web
472,ORD100472,C48886,2025-03-13,2025-03-17,x_cancel,cash,EUR,27.08,2.0,54.16,app
834,ORD100834,C86890,,2024-02-29,delivered,credit_card,EUR,24.98,5.0,124.9,app
2118,ORD102118,C59136,2025-04-07,2025-04-12,delivered,credit_card,EUR,19.66,3.0,58.98,app
2488,ORD102488,C57263,2025-11-12,2025-11-17,processing,credit_card,EUR,35.68,1.0,35.68,app
2402,ORD102402,C77131,2025-03-30,2025-04-07,delivered,credit_card,EUR,13.05,4.0,52.2,web
888,ORD100888,C11417,2024-07-30,2024-08-05,delivered,paypal,EUR,78.57,2.0,157.14,web
2561,ORD102223,C48051,2024-02-07,2024-02-12,shipped,credit_card,EUR,44.47,5.0,222.35,partner
1033,ORD101033,C38250,2025-12-24,2025-12-30,delivered,credit_card,USD,23.13,5.0,115.65,web
278,ORD100278,C15846,2024-10-11,2024-10-19,delivered,credit_card,EUR,11.95,5.0,59.75,web
1075,ORD101075,C24737,2025-05-16,2025-05-17,delivered,credit_card,EUR,20.91,1.0,20.91,web
978,ORD100978,C41577,2024-10-26,2024-11-03,processing,credit_card,EUR,15.3,4.0,61.2,web
2355,ORD102355,C43111,2025-05-20,2025-05-28,processing,credit_card,EUR,26.12,3.0,78.36,app
18,ORD100018,C85576,2024-04-14,2024-04-22,delivered,paypal,EUR,33.07,2.0,66.14,app
1925,ORD101925,C21857,2025-09-29,2025-10-06,delivered,credit_card,EUR,20.78,5.0,103.9,web
1738,ORD101738,C10292,2025-07-09,2025-07-18,delivered,paypal,EUR,44.44,2.0,88.88,web
719,ORD100719,C63962,2024-11-12,2024-11-17,delivered,credit_card,USD,59.89,2.0,119.78,web
2352,ORD102352,C74291,2024-03-18,2024-03-25,cancelled,cash,EUR,33.39,1.0,33.39,partner
2013,ORD102013,C92965,2025-10-27,2025-11-01,delivered,paypal,USD,41.43,4.0,165.72,web
764,ORD100764,C42470,2025-01-19,2025-01-21,delivered,credit_card,EUR,10.36,1.0,10.36,app
2316,ORD102316,C17813,2025-09-29,2025-10-01,delivered,cash,EUR,26.67,5.0,133.35,app
1093,ORD101093,C45331,2025-02-19,2025-02-26,delivered,paypal,EUR,21.29,4.0,85.16,web
1587,ORD101587,C17029,2025-11-10,2025-11-16,shipped,cash,USD,42.69,4.0,170.76,app
1744,ORD101744,C28930,2024-09-14,2024-09-17,shipped,credit_card,EUR,32.93,5.0,164.65,app
2093,ORD102093,C27802,2025-06-16,2025-06-22,delivered,paypal,EUR,32.46,4.0,129.84,app
1457,ORD101457,C50960,2025-06-20,2025-06-29,processing,paypal,EUR,37.61,5.0,188.05,web
219,ORD100219,C91233,2024-04-29,2024-05-02,delivered,credit_card,EUR,43.03,3.0,129.09,app
601,ORD100601,C80108,2024-04-05,2024-04-12,delivered,credit_card,EUR,36.6,3.0,109.8,partner
693,ORD100693,C95141,2024-05-20,2024-05-28,shipped,cash,USD,50.41,5.0,252.05,web
1247,,C51847,2025-12-21,2025-12-29,cancelled,cash,USD,30.42,1.0,30.42,web
303,ORD100303,C90653,2024-02-16,2024-02-25,delivered,credit_card,EUR,35.85,4.0,143.4,app
1839,ORD101839,C59760,2025-01-02,2025-01-11,cancelled,cash,EUR,40.0,4.0,160.0,app
700,ORD100700,C56848,2025-11-04,2025-11-13,shipped,paypal,EUR,26.33,3.0,78.99,web
1125,ORD101125,C85922,2025-06-27,2025-07-01,delivered,credit_card,EUR,30.1,3.0,90.3,web
1817,ORD101817,C32719,2024-10-29,2024-11-05,shipped,credit_card,EUR,12.57,4.0,50.28,app
344,ORD100344,C91496,2024-11-29,2024-12-01,delivered,credit_card,EUR,20.87,3.0,62.61,app
859,ORD100859,C82085,2025-01-20,2025-01-26,shipped,credit_card,EUR,16.51,4.0,66.04,web
1269,ORD101269,C14382,2024-08-31,2024-09-02,shipped,credit_card,EUR,28.22,2.0,56.44,web
979,ORD100979,C60918,2025-07-23,2025-07-24,delivered,paypal,USD,14.16,5.0,70.8,web
2102,ORD102102,C25494,2024-08-16,2024-08-22,processing,crypto,EUR,24.82,5.0,124.1,app
1391,ORD101391,C57658,2025-11-07,2025-11-13,shipped,paypal,EUR,28.1,4.0,112.4,app
1029,ORD101029,C40071,2024-03-28,2024-04-01,delivered,credit_card,EUR,17.86,2.0,35.72,app
2372,ORD102372,C15501,2024-02-13,2024-02-14,shipped,credit_card,EUR,31.82,0.0,127.28,web
1114,ORD101114,C27494,2025-07-03,2025-07-04,shipped,credit_card,EUR,18.93,3.0,56.79,web
841,ORD100841,C69063,2024-08-11,2024-08-15,cancelled,credit_card,EUR,26.41,5.0,132.05,web
2483,ORD102483,C38835,2024-10-20,2024-10-28,delivered,paypal,EUR,45.21,2.0,90.42,web
192,ORD100192,C64647,2025-10-27,2025-10-28,cancelled,credit_card,EUR,26.11,1.0,26.11,web
174,ORD100174,C72708,2025-11-11,2025-11-16,delivered,credit_card,EUR,17.97,4.0,71.88,web
1321,ORD101321,C34733,2024-01-09,2024-01-18,shipped,credit_card,EUR,24.4,3.0,73.2,partner
986,ORD100986,C65497,2024-09-05,2024-09-09,shipped,credit_card,USD,22.43,1.0,22.43,app
2097,ORD102097,C87455,2024-01-04,2024-01-06,delivered,credit_card,EUR,50.21,5.0,251.05,web
2014,,C68288,2025-10-28,2025-11-02,delivered,credit_card,EUR,33.54,2.0,67.08,web
1829,ORD101829,C98412,2025-10-04,2025-10-10,processing,paypal,EUR,48.81,1.0,48.81,web
128,ORD100128,C61713,2025-03-26,2025-04-01,delivered,cash,EUR,29.35,2.0,58.7,app
340,ORD100340,C67134,2024-11-16,2024-11-19,shipped,credit_card,USD,40.54,5.0,202.7,web
1777,ORD101777,C24658,2025-07-13,2025-07-21,cancelled,credit_card,EUR,39.25,1.0,39.25,web
765,ORD100765,C80226,2025-04-14,2025-04-22,delivered,credit_card,USD,32.05,3.0,96.15,web
1064,ORD101064,C77776,2025-07-25,2025-08-01,processing,credit_card,EUR,24.21,3.0,72.63,web
307,ORD100307,C59862,2024-08-15,2024-08-23,shipped,credit_card,EUR,71.16,4.0,284.64,app
637,ORD100637,C36718,2024-12-14,2024-12-20,delivered,paypal,EUR,57.68,1.0,57.68,partner
383,ORD100383,C31687,2024-02-05,2024-02-11,delivered,credit_card,EUR,43.82,5.0,219.1,app
1675,ORD101675,C98506,2024-09-12,2024-09-15,delivered,credit_card,USD,15.99,1.0,15.99,web
2382,ORD102382,C92608,2024-12-30,2025-01-02,shipped,cash,EUR,20.72,5.0,103.6,web
1376,ORD101376,C96609,2025-05-22,2025-05-24,delivered,credit_card,USD,20.52,1.0,20.52,app
177,ORD100177,C24514,2025-10-03,2025-10-07,,credit_card,USD,10.32,2.0,20.64,app
426,ORD100426,C87787,2025-03-26,2025-03-28,shipped,cash,EUR,39.01,2.0,78.02,app
1703,ORD101703,C27958,2024-04-05,2024-04-11,shipped,credit_card,EUR,26.22,5.0,131.1,web
1889,ORD101889,C50486,2025-03-13,2025-03-21,delivered,paypal,EUR,32.79,2.0,65.58,web
2245,ORD102245,C84926,2024-08-11,2024-08-13,delivered,cash,EUR,16.97,1.0,16.97,app
2020,ORD102020,C37260,2025-12-24,2025-12-26,delivered,cash,USD,19.44,5.0,97.2,web
184,ORD100184,C54605,2025-01-04,2025-01-05,delivered,credit_card,EUR,49.94,4.0,199.76,partner
1592,ORD101592,C44499,2024-09-24,2024-10-01,cancelled,credit_card,EUR,38.98,1.0,38.98,app
2081,ORD102081,C18255,2025-12-11,2025-12-13,shipped,paypal,EUR,54.58,4.0,218.32,app
2367,ORD102367,C25866,2024-08-23,2024-08-25,delivered,paypal,EUR,31.63,4.0,126.52,web
2315,ORD102315,C10046,2024-08-05,2024-08-12,delivered,credit_card,EUR,23.75,4.0,95.0,web
1928,ORD101928,C26425,2025-07-17,2025-07-18,delivered,credit_card,EUR,29.91,3.0,89.73,web
2551,ORD101757,C64786,2024-03-06,2024-03-12,delivered,cash,USD,56.18,2.0,112.36,app
1266,ORD101266,C14954,2025-05-11,2025-05-13,delivered,credit_card,EUR,61.33,4.0,245.32,web
489,ORD100489,C64540,2024-11-08,2024-11-16,shipped,paypal,USD,44.75,1.0,44.75,app
1128,ORD101128,C60055,2025-09-10,2025-09-16,shipped,credit_card,EUR,26.32,5.0,131.6,app
902,ORD100902,C29721,2024-04-24,2024-05-03,delivered,credit_card,EUR,23.69,0.0,118.45,web
2321,ORD102321,C13135,,2025-05-22,delivered,credit_card,USD,33.27,1.0,33.27,app
2149,ORD102149,C86857,2024-07-11,2024-07-12,delivered,paypal,EUR,20.25,1.0,20.25,app
1742,,C51022,2025-08-25,2025-08-31,delivered,credit_card,EUR,57.67,3.0,173.01,web
1567,ORD101567,C64307,2024-11-03,2024-11-10,shipped,credit_card,EUR,18.36,1.0,18.36,web
1628,ORD101628,C44935,2025-02-04,2025-02-07,shipped,credit_card,EUR,23.45,4.0,93.8,web
118,ORD100118,C32093,2025-04-24,2025-05-01,cancelled,credit_card,EUR,61.4,2.0,122.8,web
1645,ORD101645,C36527,2024-07-23,2024-07-24,delivered,credit_card,EUR,16.9,3.0,50.7,web
281,ORD100281,C53798,2025-11-15,2025-11-20,delivered,credit_card,EUR,28.47,3.0,85.41,web
2250,ORD102250,C55577,2024-01-30,2024-02-05,delivered,credit_card,USD,17.1,1.0,17.1,app
1651,ORD101651,,2025-01-22,2025-01-24,delivered,cash,EUR,39.52,4.0,158.08,web
1942,ORD101942,C88687,2025-05-14,2025-05-22,cancelled,credit_card,EUR,14.46,1.0,14.46,web
2400,ORD102400,C10581,2024-09-09,2024-09-12,delivered,credit_card,EUR,28.63,1.0,28.63,web
1811,ORD101811,C68726,2025-09-18,2025-09-24,shipped,credit_card,EUR,18.97,4.0,75.88,app
2079,ORD102079,C21322,2024-08-01,2024-08-04,delivered,card,EUR,34.33,2.0,68.66,web
1317,ORD101317,C63128,2025-08-09,2025-08-11,delivered,paypal,EUR,21.67,3.0,65.01,web
366,ORD100366,C52258,2024-08-18,2024-08-19,delivered,credit_card,EUR,37.27,1.0,37.27,web
2419,ORD102419,C47678,2025-01-20,2025-01-21,delivered,credit_card,USD,38.31,2.0,76.62,web
555,ORD100555,C55406,2024-12-15,2024-12-16,delivered,cash,EUR,51.53,0.0,257.65,app
1316,ORD101316,C73866,2024-11-26,2024-12-02,delivered,credit_card,USD,61.3,4.0,245.2,app
1170,ORD101170,C66607,2024-04-15,2024-04-22,delivered,cash,EUR,80.75,5.0,403.75,app
2438,ORD102438,C85984,2024-08-04,2024-08-07,shipped,credit_card,EUR,27.5,2.0,55.0,app
1355,ORD101355,C54721,2025-06-04,2025-06-06,delivered,credit_card,EUR,30.77,1.0,30.77,web
203,ORD100203,C72972,2025-09-04,2025-09-11,cancelled,credit_card,EUR,27.55,5.0,137.75,web
2175,ORD102175,C78632,2024-09-27,2024-09-28,delivered,credit_card,EUR,30.92,4.0,123.68,web
120,ORD100120,C49564,2025-09-11,2025-09-19,cancelled,paypal,EUR,20.6,3.0,61.8,web
283,ORD100283,C54163,2025-09-04,2025-09-13,delivered,credit_card,EUR,16.6,3.0,49.8,web
575,ORD100575,C43624,2025-06-30,2025-07-08,processing,credit_card,EUR,27.38,3.0,82.14,app
1375,ORD101375,C96327,2025-03-17,2025-03-26,delivered,credit_card,EUR,22.98,5.0,114.9,web
1609,ORD101609,C21342,2024-08-24,2024-08-27,delivered,credit_card,EUR,20.48,5.0,102.4,web
1498,ORD101498,C52050,2025-06-18,2025-06-22,delivered,credit_card,USD,13.37,4.0,53.48,web
275,ORD100275,C53406,2024-08-08,2024-08-16,delivered,paypal,EUR,25.07,4.0,100.28,web
2436,ORD102436,,2025-12-03,2025-12-10,delivered,credit_card,EUR,57.06,3.0,171.18,web
941,ORD100941,C46362,2024-01-18,2024-01-22,delivered,credit_card,EUR,32.79,2.0,65.58,app
360,ORD100360,C86106,2024-05-21,2024-05-27,delivered,paypal,EUR,59.76,4.0,239.04,web
1271,ORD101271,C19835,2024-08-29,2024-09-04,processing,credit_card,USD,17.65,2.0,35.3,web
1034,ORD101034,C15988,2024-03-05,2024-03-07,shipped,cash,EUR,22.61,1.0,22.61,web
1001,ORD101001,C76302,2025-04-13,2025-04-17,delivered,credit_card,EUR,41.31,3.0,123.93,web
629,ORD100629,C42974,2025-08-01,2025-08-06,processing,credit_card,EUR,31.01,4.0,124.04,web
2357,ORD102357,C29726,2025-04-06,2025-04-10,shipped,credit_card,EUR,71.64,2.0,143.28,web
1465,ORD101465,C20043,2025-09-14,2025-09-23,delivered,cash,EUR,24.98,3.0,74.94,web
286,ORD100286,C24491,2024-07-25,2024-08-03,shipped,paypal,EUR,30.26,2.0,60.52,partner
949,ORD100949,C35026,2024-12-28,2025-01-04,cancelled,paypal,EUR,18.84,1.0,18.84,web
1656,ORD101656,C86264,2025-05-31,2025-06-06,processing,credit_card,EUR,38.24,5.0,191.2,web
1582,ORD101582,C56385,2025-07-16,2025-07-25,shipped,paypal,EUR,77.61,2.0,155.22,web
2226,ORD102226,C88995,2024-03-12,2024-03-14,cancelled,credit_card,EUR,34.51,3.0,103.53,web
423,ORD100423,C62299,2025-01-30,2025-02-06,shipped,credit_card,EUR,24.38,3.0,73.14,web
1912,ORD101912,C10277,2024-08-31,2024-09-09,shipped,paypal,EUR,29.3,1.0,29.3,partner
1871,ORD101871,C28613,2024-05-04,2024-05-13,delivered,credit_card,EUR,37.05,4.0,148.2,app
2083,ORD102083,C70073,2025-06-01,2025-06-07,processing,credit_card,USD,19.1,4.0,76.4,web
1750,ORD101750,C93813,2024-11-01,2024-11-06,delivered,credit_card,EUR,56.97,3.0,170.91,web
65,ORD100065,C39323,2024-11-11,2024-11-17,delivered,credit_card,USD,24.16,5.0,120.8,web
1741,ORD101741,C76923,2024-07-19,2024-07-25,cancelled,credit_card,EUR,34.95,0.0,174.75,web
1904,ORD101904,C39977,2024-07-09,2024-07-17,delivered,credit_card,EUR,60.57,4.0,242.28,app
962,ORD100962,C85609,2025-09-25,2025-09-29,delivered,credit_card,EUR,6.3,2.0,12.6,app
809,ORD100809,C99732,2025-11-20,2025-11-23,delivered,paypal,USD,27.71,4.0,110.84,web
230,ORD100230,C51688,2025-12-03,2025-12-10,delivered,paypal,EUR,27.35,5.0,136.75,web
1667,ORD101667,C70985,2024-05-12,2024-05-18,delivered,credit_card,EUR,38.62,4.0,154.48,app
845,ORD100845,C10488,2025-07-09,2025-07-11,shipped,cash,EUR,38.59,1.0,38.59,app
1251,ORD101251,C47041,2025-08-06,2025-08-07,delivered,credit_card,EUR,52.28,3.0,156.84,app
2260,ORD102260,C12139,2025-12-07,2025-12-08,delivered,cash,USD,23.01,1.0,23.01,partner
1398,ORD101398,C12250,2024-08-09,2024-08-15,delivered,credit_card,EUR,34.08,1.0,34.08,app
2284,ORD102284,C71306,2025-09-09,2025-09-15,processing,cash,EUR,68.24,2.0,136.48,web
1350,ORD101350,C15426,2025-06-20,2025-06-23,delivered,paypal,EUR,33.84,2.0,67.68,web
1135,ORD101135,C15229,2024-12-11,2024-12-14,delivered,credit_card,EUR,42.71,4.0,170.84,web
374,ORD100374,C89765,2024-10-07,2024-10-13,delivered,paypal,EUR,24.02,4.0,96.08,app
1828,ORD101828,C65256,2024-02-05,2024-02-13,cancelled,paypal,EUR,15.85,5.0,79.25,app
1615,ORD101615,C25564,2024-12-13,2024-12-17,delivered,credit_card,USD,15.07,3.0,45.21,web
1309,ORD101309,C86749,2025-03-19,2025-03-22,shipped,paypal,USD,35.58,2.0,71.16,web
297,ORD100297,C49501,2025-02-18,2025-02-22,delivered,credit_card,USD,20.53,1.0,20.53,web
598,ORD100598,C66503,2024-05-14,2024-05-16,delivered,credit_card,EUR,28.17,5.0,140.85,app
1558,ORD101558,C99565,2024-05-30,2024-06-02,delivered,cash,EUR,23.21,1.0,23.21,app
99,ORD100099,C22577,2024-10-11,2024-10-16,processing,cash,EUR,36.8,2.0,73.6,app
2444,ORD102444,C63832,2024-01-27,2024-02-04,delivered,credit_card,EUR,31.79,2.0,63.58,web
1547,ORD101547,C86448,2024-06-30,2024-07-05,delivered,credit_card,EUR,8.47,3.0,25.41,partner
1307,ORD101307,C31389,2024-04-23,2024-04-29,shipped,paypal,EUR,100.53,3.0,301.59,web
529,ORD100529,C92886,2025-10-16,2025-10-22,delivered,paypal,EUR,20.02,4.0,80.08,web
2474,ORD102474,C19418,2025-08-08,2025-08-12,delivered,credit_card,EUR,19.53,2.0,39.06,web
2268,ORD102268,C20641,2024-03-23,2024-03-31,delivered,cash,EUR,55.87,3.0,167.61,web
2502,ORD100249,C13745,2025-12-13,2025-12-18,delivered,paypal,USD,16.73,1.0,16.73,app
636,ORD100636,C31189,2025-02-28,2025-03-01,cancelled,credit_card,EUR,24.85,2.0,49.7,app
2261,ORD102261,C99946,2025-09-11,2025-09-13,delivered,paypal,EUR,47.02,2.0,94.04,web
185,ORD100185,C50153,2024-12-18,2024-12-25,shipped,cash,USD,7.49,4.0,29.96,app
1691,ORD101691,C90068,2024-09-07,2024-09-08,shipped,credit_card,EUR,16.25,1.0,16.25,web
1220,ORD101220,C68469,2025-04-11,2025-04-16,shipped,credit_card,USD,18.35,4.0,73.4,web
1450,ORD101450,C36428,2024-10-02,2024-10-11,delivered,credit_card,EUR,20.83,2.0,41.66,web
1025,ORD101025,C15001,2024-06-03,2024-06-10,delivered,cash,USD,76.03,1.0,76.03,app
1880,ORD101880,C44640,2025-11-18,2025-11-26,delivered,credit_card,EUR,25.1,5.0,125.5,web
2427,ORD102427,C44682,2025-03-08,2025-03-15,delivered,credit_card,EUR,39.46,4.0,157.84,web
511,ORD100511,C77140,2025-01-04,2025-01-08,cancelled,credit_card,EUR,25.25,2.0,50.5,web
890,ORD100890,C18998,2024-07-03,2024-07-04,delivered,cash,EUR,34.85,5.0,174.25,app
1200,ORD101200,C89111,2024-04-21,2024-04-24,cancelled,credit_card,EUR,79.15,4.0,316.6,app
1475,ORD101475,C37186,2025-05-21,2025-05-26,delivered,credit_card,EUR,23.8,3.0,71.4,web
2145,ORD102145,C49954,2024-10-21,2024-10-28,processing,paypal,EUR,33.85,5.0,169.25,web
607,ORD100607,C56279,2024-09-26,2024-10-01,shipped,credit_card,USD,34.37,2.0,68.74,app
1106,ORD101106,C31967,2024-08-27,2024-08-29,delivered,cash,EUR,25.03,5.0,125.15,web
1550,ORD101550,C35259,2024-08-24,2024-08-29,processing,cash,EUR,98.25,1.0,98.25,app
151,ORD100151,C35324,2025-10-04,2025-10-09,delivered,credit_card,EUR,76.88,1.0,76.88,app
2143,ORD102143,C64919,2024-02-18,2024-02-19,delivered,credit_card,EUR,10.66,1.0,10.66,app
1179,ORD101179,C12234,2025-06-20,2025-06-22,delivered,credit_card,EUR,11.37,3.0,34.11,web
2542,ORD100375,C18501,2025-01-12,2025-01-15,delivered,paypal,EUR,31.62,5.0,158.1,web
2370,ORD102370,C13954,2024-05-19,2024-05-21,delivered,credit_card,EUR,10.98,5.0,54.9,web
1083,ORD101083,C60036,,2024-08-13,shipped,credit_card,EUR,28.88,1.0,28.88,web
2341,ORD102341,C45502,2024-03-31,2024-04-06,delivered,credit_card,EUR,56.83,5.0,284.15,app
23,ORD100023,C93407,2024-10-20,2024-10-29,shipped,paypal,EUR,12.03,4.0,48.12,web
158,ORD100158,C55450,2025-05-06,2025-05-10,delivered,credit_card,EUR,56.8,4.0,227.2,app
1598,ORD101598,C86070,2025-08-03,2025-08-07,shipped,credit_card,EUR,28.82,3.0,86.46,web
331,ORD100331,C43382,2025-08-04,2025-08-06,delivered,paypal,EUR,19.07,1.0,19.07,web
2127,ORD102127,C66292,2024-05-12,2024-05-20,delivered,credit_card,EUR,23.31,4.0,93.24,web
2455,ORD102455,C52847,2024-05-21,2024-05-29,delivered,credit_card,EUR,28.17,3.0,84.51,app
2271,ORD102271,C38649,2025-07-11,2025-07-19,delivered,cash,EUR,22.61,1.0,22.61,web
444,ORD100444,C55753,2025-08-23,2025-08-27,delivered,cash,EUR,35.92,2.0,71.84,partner
2519,ORD101343,C61737,2024-08-07,2024-08-15,shipped,credit_card,EUR,19.75,3.0,59.25,app
2482,ORD102482,C26226,2024-05-16,2024-05-20,delivered,credit_card,USD,19.36,1.0,19.36,web
1102,ORD101102,C92702,2024-04-23,2024-04-29,delivered,paypal,EUR,15.54,4.0,62.16,web
642,ORD100642,C86876,2024-11-25,2024-11-29,processing,paypal,EUR,32.04,3.0,96.12,app
1521,ORD101521,C74039,2024-02-04,2024-02-13,delivered,credit_card,USD,77.54,1.0,77.54,app
311,ORD100311,C70500,2024-07-28,2024-08-05,cancelled,credit_card,EUR,13.79,1.0,13.79,app
351,ORD100351,C14041,2024-10-13,2024-10-22,delivered,paypal,USD,18.08,4.0,72.32,app
548,ORD100548,C56439,2024-05-03,2024-05-09,processing,paypal,EUR,31.12,2.0,62.24,web
1432,ORD101432,C25407,2025-05-28,2025-06-02,delivered,credit_card,EUR,24.18,5.0,120.9,web
1411,ORD101411,C60533,2025-12-10,2025-12-15,delivered,paypal,EUR,25.58,1.0,25.58,web
1934,ORD101934,C23204,2025-03-03,2025-03-06,delivered,paypal,EUR,42.23,4.0,168.92,app
306,ORD100306,C37195,2024-07-30,2024-08-05,delivered,cash,EUR,8.54,5.0,42.7,app
287,ORD100287,C61454,2024-02-13,2024-02-22,delivered,credit_card,USD,19.78,4.0,79.12,web
694,ORD100694,C18109,2025-06-24,2025-06-30,shipped,paypal,USD,37.82,2.0,75.64,web
1090,ORD101090,C55260,2024-03-22,2024-03-23,cancelled,credit_card,EUR,35.72,1.0,35.72,web
630,ORD100630,C76324,2024-09-19,2024-09-22,delivered,credit_card,EUR,44.58,3.0,133.74,partner
2339,ORD102339,C18347,2025-11-11,2025-11-20,delivered,cash,USD,59.79,1.0,59.79,app
1916,ORD101916,C35399,2024-12-10,2024-12-19,delivered,credit_card,EUR,22.4,3.0,67.2,web
1594,ORD101594,C73188,2025-12-02,2025-12-10,delivered,cash,EUR,31.45,2.0,62.9,web
1752,ORD101752,C66586,2025-12-17,2025-12-21,delivered,paypal,EUR,24.39,1.0,24.39,app
2194,ORD102194,C69168,2025-06-01,2025-06-08,delivered,paypal,EUR,25.15,3.0,75.45,web
1607,ORD101607,C63444,2025-09-07,2025-09-11,shipped,credit_card,EUR,21.94,2.0,43.88,app
1652,ORD101652,C14672,2025-10-28,2025-11-02,delivered,paypal,EUR,19.63,2.0,39.26,web
2066,ORD102066,C75258,2025-05-30,2025-06-07,shipped,paypal,EUR,28.37,3.0,85.11,app
2554,ORD100436,C61054,2025-07-15,2025-07-24,delivered,paypal,EUR,20.06,2.0,40.12,app
1455,ORD101455,C15897,2025-11-20,2025-11-24,delivered,paypal,EUR,88.57,5.0,442.85,web
931,ORD100931,C72979,2025-07-17,2025-07-21,delivered,credit_card,EUR,21.79,1.0,21.79,web
1381,ORD101381,C35608,2024-06-12,2024-06-21,processing,cash,USD,19.02,1.0,19.02,web
1818,ORD101818,C22187,2025-09-14,2025-09-23,cancelled,credit_card,EUR,20.16,3.0,60.48,web
13,ORD100013,C78501,2025-07-05,2025-07-14,delivered,paypal,EUR,34.33,1.0,34.33,web
1036,ORD101036,C91250,2024-01-23,2024-01-26,delivered,cash,EUR,15.92,4.0,63.68,web
1490,ORD101490,C34735,2025-07-05,2025-07-10,processing,credit_card,USD,55.25,1.0,55.25,web
514,ORD100514,C96321,2024-12-24,2024-12-28,delivered,credit_card,EUR,24.35,5.0,121.75,app
409,ORD100409,C11254,2024-09-11,2024-09-20,delivered,paypal,EUR,36.94,4.0,147.76,web
2297,ORD102297,C54212,2024-03-31,2024-04-03,delivered,credit_card,EUR,13.84,3.0,41.52,web
313,ORD100313,C35310,2025-12-05,2025-12-14,delivered,paypal,EUR,73.42,2.0,146.84,app
1979,ORD101979,C81500,2025-01-27,2025-02-04,processing,paypal,EUR,33.0,2.0,66.0,web
1084,ORD101084,C28043,2025-07-04,2025-07-05,processing,credit_card,USD,26.3,4.0,105.2,partner
1809,ORD101809,C96338,2025-03-16,2025-03-18,shipped,paypal,EUR,30.08,2.0,60.16,web
1992,ORD101992,C35847,,2025-05-27,processing,cash,USD,20.11,5.0,100.55,web
990,ORD100990,C40842,2024-03-19,2024-03-23,delivered,credit_card,EUR,31.13,4.0,124.52,app
382,ORD100382,C95294,2025-02-15,2025-02-18,delivered,paypal,EUR,49.9,2.0,99.8,app
2313,ORD102313,C14752,2025-02-10,2025-02-17,processing,paypal,EUR,24.32,1.0,24.32,app
2129,ORD102129,C38843,2024-09-14,2024-09-20,delivered,credit_card,EUR,52.03,5.0,260.15,web
817,ORD100817,C19577,2024-10-18,2024-10-24,delivered,credit_card,USD,19.66,2.0,39.32,app
1027,ORD101027,C35254,2024-03-06,2024-03-14,delivered,credit_card,EUR,24.76,3.0,74.28,web
1071,ORD101071,C28814,2025-09-07,2025-09-11,delivered,credit_card,USD,23.82,2.0,47.64,web
1103,ORD101103,C23560,2025-03-31,2025-04-02,delivered,paypal,USD,26.9,3.0,80.7,app
263,ORD100263,C93259,2024-01-27,2024-02-03,delivered,cash,EUR,39.47,2.0,78.94,web
1283,ORD101283,C82077,2025-07-09,2025-07-17,delivered,credit_card,EUR,32.56,5.0,162.8,web
2223,ORD102223,C48051,2024-02-07,2024-02-12,shipped,credit_card,EUR,44.47,5.0,222.35,partner
861,ORD100861,C93500,2025-06-28,2025-06-29,delivered,credit_card,USD,38.02,2.0,76.04,web
415,ORD100415,C70988,2024-11-16,2024-11-20,delivered,credit_card,USD,16.58,1.0,16.58,web
222,ORD100222,C73362,2024-03-24,2024-03-30,delivered,credit_card,EUR,11.96,4.0,47.84,web
358,ORD100358,C18183,2025-06-13,2025-06-21,shipped,credit_card,USD,42.16,3.0,126.48,app
1764,ORD101764,C61820,2025-03-14,2025-03-19,shipped,credit_card,EUR,40.05,2.0,80.1,app
1173,ORD101173,C25975,2024-01-01,2024-01-03,delivered,credit_card,EUR,26.67,1.0,26.67,web
8,ORD100008,C28132,2024-10-24,2024-10-28,delivered,paypal,EUR,40.9,1.0,40.9,app
2188,,C51559,2024-01-06,2024-01-15,cancelled,credit_card,EUR,23.77,1.0,23.77,web
316,ORD100316,C75725,2025-05-07,2025-05-12,delivered,credit_card,EUR,12.44,5.0,62.2,web
304,ORD100304,C58853,2024-05-05,2024-05-11,delivered,credit_card,EUR,12.48,3.0,37.44,app
427,ORD100427,C82370,2024-08-22,2024-08-29,delivered,paypal,EUR,46.31,4.0,185.24,web
105,ORD100105,C80822,2025-07-06,2025-07-14,delivered,credit_card,USD,45.28,1.0,45.28,web
1712,ORD101712,C89198,2024-10-30,2024-11-05,delivered,credit_card,EUR,17.45,5.0,87.25,app
121,ORD100121,C70155,2024-10-13,2024-10-22,processing,credit_card,EUR,30.16,5.0,150.8,web
916,ORD100916,C58870,2025-03-25,2025-03-28,shipped,paypal,USD,42.31,3.0,126.93,app
1644,ORD101644,C21882,2024-04-04,2024-04-12,delivered,crypto,EUR,19.35,2.0,38.7,app
874,ORD100874,C72762,2025-05-06,2025-05-13,delivered,credit_card,EUR,32.5,5.0,162.5,partner
1395,ORD101395,C63166,2025-11-10,2025-11-17,shipped,paypal,EUR,,3.0,41.76,web
1950,ORD101950,C92387,2025-09-19,2025-09-24,cancelled,crypto,USD,34.44,1.0,34.44,web
1299,ORD101299,C12664,2024-02-10,2024-02-16,delivered,cash,EUR,85.76,3.0,257.28,web
115,ORD100115,C61186,2025-05-04,2025-05-10,delivered,cash,USD,37.97,3.0,113.91,web
1041,ORD101041,C87088,2025-02-28,2025-03-02,delivered,credit_card,EUR,33.78,5.0,168.9,app
744,ORD100744,C81569,2025-06-16,2025-06-23,delivered,paypal,USD,19.93,2.0,39.86,partner
869,ORD100869,C13613,2024-03-27,2024-03-30,delivered,credit_card,EUR,45.78,1.0,45.78,web
1650,ORD101650,C27078,2024-08-28,2024-09-06,delivered,paypal,EUR,65.97,2.0,131.94,web
2401,ORD102401,C60977,2025-04-25,2025-04-29,delivered,credit_card,EUR,0.0,3.0,140.16,app
1017,ORD101017,,2025-10-22,2025-10-29,delivered,paypal,EUR,24.53,5.0,122.65,web
1584,ORD101584,C67213,2025-01-01,2025-01-10,delivered,credit_card,EUR,51.43,5.0,257.15,app
672,ORD100672,C67259,2024-11-11,2024-11-19,shipped,credit_card,EUR,70.64,5.0,353.2,web
2373,ORD102373,C45865,2025-03-05,2025-03-13,delivered,paypal,EUR,18.24,5.0,91.2,web
1223,ORD101223,C68868,2025-12-27,2026-01-05,delivered,credit_card,EUR,13.95,5.0,69.75,web
1736,ORD101736,C55258,2025-11-21,2025-11-26,delivered,credit_card,EUR,29.39,1.0,29.39,web
309,ORD100309,C19771,2024-05-18,2024-05-23,delivered,credit_card,EUR,36.47,3.0,109.41,web
591,ORD100591,C91237,2024-10-13,2024-10-21,processing,paypal,EUR,11.62,5.0,58.1,app
462,ORD100462,C77393,2025-12-12,2025-12-13,delivered,credit_card,EUR,31.18,2.0,62.36,app
2306,ORD102306,C39330,2024-12-08,2024-12-16,delivered,credit_card,EUR,93.53,2.0,187.06,web
45,ORD100045,C97361,2024-10-17,2024-10-18,delivered,cash,EUR,39.65,1.0,39.65,web
2024,ORD102024,C16556,2025-08-08,2025-08-13,shipped,credit_card,EUR,23.54,1.0,23.54,app
1010,ORD101010,C34188,2025-12-11,2025-12-20,processing,paypal,EUR,27.03,5.0,135.15,web
552,ORD100552,C84538,2025-07-03,2025-07-07,shipped,credit_card,USD,25.17,4.0,100.68,web
87,ORD100087,C38112,2024-08-22,2024-08-25,delivered,credit_card,USD,13.1,5.0,65.5,partner
690,ORD100690,C99698,2024-01-03,2024-01-12,delivered,credit_card,EUR,58.45,4.0,233.8,web
1789,ORD101789,C77814,2024-08-13,2024-08-14,shipped,paypal,EUR,30.24,3.0,90.72,web
1480,ORD101480,C23633,2024-11-25,2024-11-29,delivered,paypal,EUR,20.0,3.0,60.0,web
2481,ORD102481,C87424,2025-12-02,2025-12-11,delivered,cash,EUR,41.67,4.0,166.68,app
1711,ORD101711,C52281,2025-06-03,2025-06-04,done,cash,EUR,47.26,2.0,94.52,partner
2473,ORD102473,C28628,2025-07-18,2025-07-27,cancelled,credit_card,EUR,29.94,4.0,119.76,web
800,ORD100800,C11088,2025-04-10,2025-04-19,processing,crypto,EUR,41.91,4.0,167.64,partner
2124,ORD102124,C77096,2024-10-13,2024-10-19,delivered,credit_card,EUR,53.88,0.0,215.52,web
300,ORD100300,C42730,2025-08-02,2025-08-11,processing,credit_card,EUR,97.4,2.0,194.8,web
1943,ORD101943,C12704,2024-11-26,2024-12-02,processing,credit_card,EUR,95.87,4.0,383.48,web
543,ORD100543,C25717,2025-01-21,2025-01-26,delivered,credit_card,EUR,26.32,2.0,52.64,app
1862,ORD101862,C86310,2024-12-29,2025-01-02,shipped,credit_card,EUR,25.07,5.0,125.35,app
2281,ORD102281,C41800,2025-03-08,2025-03-12,processing,credit_card,EUR,15.83,1.0,15.83,web
494,ORD100494,C36086,2025-07-17,2025-07-26,delivered,cash,EUR,14.67,2.0,29.34,app
365,ORD100365,C56696,2024-01-26,2024-01-27,delivered,cash,EUR,11.91,1.0,11.91,web
2550,ORD100804,C76439,2024-03-27,2024-04-02,shipped,credit_card,EUR,32.16,5.0,160.8,partner
1642,ORD101642,C50245,2024-04-29,2024-05-05,delivered,credit_card,EUR,35.73,1.0,35.73,web
273,ORD100273,C96269,2025-05-30,2025-06-07,delivered,cash,USD,38.56,5.0,192.8,web
788,ORD100788,C59005,2024-05-07,2024-05-12,delivered,paypal,EUR,22.72,5.0,113.6,web
71,ORD100071,C27052,2025-11-12,2025-11-19,delivered,credit_card,USD,26.65,4.0,106.6,app
1559,ORD101559,C86993,2025-03-09,2025-03-15,cancelled,credit_card,USD,31.22,4.0,124.88,app
1915,ORD101915,C56589,2024-11-19,2024-11-20,shipped,cash,EUR,11.63,2.0,23.26,partner
63,ORD100063,C97074,2024-10-25,2024-10-27,delivered,credit_card,EUR,23.93,4.0,95.72,web
394,ORD100394,C74792,2024-07-09,2024-07-13,processing,credit_card,EUR,12.54,1.0,12.54,web
1790,ORD101790,C62578,2024-02-19,2024-02-25,delivered,credit_card,EUR,22.09,2.0,44.18,web
343,ORD100343,C56354,2024-12-19,2024-12-25,delivered,credit_card,EUR,27.79,5.0,138.95,web
1453,ORD101453,C32145,2024-12-05,2024-12-11,shipped,credit_card,USD,15.74,4.0,62.96,web
1461,ORD101461,C38130,2025-09-20,2025-09-28,delivered,paypal,EUR,19.68,5.0,98.4,app
500,ORD100500,C20235,2025-07-22,2025-07-31,cancelled,credit_card,EUR,41.12,5.0,205.6,partner
1769,ORD101769,C27706,2025-01-03,2025-01-05,shipped,credit_card,USD,19.78,5.0,98.9,app
2087,ORD102087,C69661,2024-08-12,2024-08-19,processing,credit_card,EUR,49.06,3.0,147.18,app
677,ORD100677,C17604,2024-08-04,2024-08-13,in_progress,credit_card,EUR,27.05,3.0,81.15,web
1087,ORD101087,C99127,2025-05-18,2025-05-24,delivered,credit_card,EUR,31.79,3.0,95.37,web
2060,ORD102060,C90485,2024-12-22,2024-12-24,processing,credit_card,EUR,45.64,2.0,91.28,app
2165,ORD102165,C93147,2025-08-27,2025-08-31,delivered,credit_card,EUR,18.31,4.0,73.24,app
1616,ORD101616,C81491,2024-01-14,2024-01-20,delivered,credit_card,EUR,18.7,2.0,37.4,app
1163,ORD101163,C57826,2025-12-04,2025-12-11,shipped,credit_card,USD,20.26,4.0,81.04,web
272,ORD100272,C23634,2024-05-28,2024-06-01,cancelled,paypal,EUR,64.7,0.0,64.7,app
1273,ORD101273,C70776,2024-04-03,2024-04-07,cancelled,credit_card,EUR,48.37,3.0,145.11,app
205,ORD100205,C33928,2024-07-26,2024-07-27,delivered,credit_card,EUR,27.82,2.0,55.64,web
733,ORD100733,C79688,2024-01-04,2024-01-09,delivered,cash,EUR,21.75,1.0,21.75,app
152,ORD100152,C92587,2025-12-23,2025-12-24,cancelled,credit_card,EUR,81.07,3.0,243.21,web
937,ORD100937,C23359,2025-04-26,2025-04-28,delivered,credit_card,EUR,10.3,3.0,30.9,partner
557,ORD100557,C88749,2024-04-17,2024-04-18,delivered,credit_card,EUR,57.54,2.0,115.08,partner
1684,ORD101684,C42258,2024-02-10,2024-02-17,processing,credit_card,EUR,18.2,1.0,18.2,app
377,ORD100377,C77210,2025-11-15,2025-11-20,delivered,paypal,EUR,27.16,2.0,54.32,web
1499,ORD101499,C85707,2025-01-15,2025-01-17,delivered,credit_card,EUR,9.57,1.0,9.57,web
535,ORD100535,C23825,2025-11-29,2025-12-02,shipped,paypal,USD,25.05,5.0,125.25,app
1264,ORD101264,C31454,2024-10-28,2024-11-06,delivered,credit_card,EUR,110.77,2.0,221.54,app
1344,ORD101344,C26801,2025-11-04,2025-11-11,processing,credit_card,EUR,19.52,4.0,78.08,web
1349,ORD101349,C63568,2024-06-13,2024-06-16,delivered,paypal,USD,23.29,4.0,93.16,app
198,ORD100198,C40504,2024-04-04,2024-04-13,delivered,paypal,EUR,26.36,3.0,79.08,web
561,ORD100561,C13912,2024-08-13,2024-08-15,delivered,credit_card,EUR,45.4,5.0,227.0,app
685,ORD100685,C82078,2025-11-24,2025-11-29,x_cancel,credit_card,USD,26.56,4.0,106.24,web
1778,ORD101778,C37701,2025-06-20,2025-06-29,delivered,credit_card,EUR,43.29,1.0,43.29,web
590,ORD100590,C82061,2024-09-07,2024-09-12,cancelled,credit_card,EUR,67.45,5.0,337.25,web
519,ORD100519,C63498,2025-06-28,2025-07-04,delivered,credit_card,EUR,25.67,2.0,51.34,web
308,ORD100308,C38411,2025-08-01,2025-08-05,delivered,credit_card,USD,64.31,3.0,192.93,web
604,ORD100604,C84344,2025-05-27,2025-05-30,shipped,credit_card,EUR,22.08,5.0,110.4,app
2218,ORD102218,C35782,2024-10-20,2024-10-24,delivered,credit_card,USD,15.7,2.0,31.4,web
2559,ORD101592,C44499,2024-09-24,2024-10-01,cancelled,credit_card,EUR,38.98,1.0,38.98,app
59,ORD100059,C71473,2025-03-06,2025-03-11,delivered,credit_card,USD,14.7,3.0,44.1,web
583,ORD100583,C14676,2024-06-24,2024-06-25,shipped,paypal,EUR,12.67,4.0,50.68,web
2394,ORD102394,C52583,2024-12-18,2024-12-27,shipped,cash,EUR,23.04,5.0,115.2,web
207,ORD100207,C97224,2024-08-10,2024-08-18,delivered,cash,EUR,28.08,3.0,84.24,web
491,ORD100491,C88095,2025-04-11,2025-04-15,cancelled,paypal,USD,14.88,4.0,59.52,app
969,ORD100969,C13245,2025-09-25,2025-10-03,processing,paypal,EUR,15.55,4.0,62.2,app
785,ORD100785,C62942,2024-12-08,2024-12-17,shipped,paypal,EUR,25.46,1.0,25.46,app
2206,ORD102206,C22087,2024-12-09,2024-12-11,delivered,crypto,EUR,19.92,5.0,99.6,web
2496,ORD102496,C82100,2025-06-29,2025-07-03,delivered,credit_card,EUR,35.43,3.0,106.29,web
792,ORD100792,C75031,2024-06-22,2024-06-24,delivered,credit_card,EUR,49.64,5.0,248.2,web
831,ORD100831,C31674,2025-09-14,2025-09-18,delivered,credit_card,EUR,51.73,1.0,51.73,web
162,ORD100162,C46826,2024-04-19,2024-04-25,delivered,credit_card,EUR,41.36,4.0,165.44,app
1382,ORD101382,C41203,2025-02-24,2025-02-27,shipped,paypal,EUR,51.27,2.0,102.54,app
526,ORD100526,C93101,2024-03-23,2024-03-30,delivered,credit_card,EUR,40.13,4.0,160.52,app
1364,ORD101364,C59932,2025-04-06,2025-04-07,processing,cash,EUR,15.5,2.0,31.0,web
891,ORD100891,C73890,2025-01-17,2025-01-26,shipped,credit_card,EUR,33.79,3.0,101.37,web
2334,ORD102334,C59783,2025-12-14,2025-12-22,delivered,credit_card,USD,32.6,5.0,163.0,web
256,ORD100256,C70992,2025-10-08,2025-10-13,cancelled,paypal,EUR,22.88,1.0,22.88,web
506,ORD100506,C57790,2025-03-13,2025-03-17,delivered,credit_card,EUR,59.51,3.0,178.53,app
386,ORD100386,C16087,2025-11-12,2025-11-15,delivered,credit_card,EUR,50.25,3.0,150.75,web
2183,ORD102183,C68033,2024-02-20,2024-02-28,shipped,credit_card,EUR,36.85,4.0,147.4,web
2293,ORD102293,C77393,2024-07-07,2024-07-11,processing,credit_card,EUR,54.29,4.0,217.16,web
2228,ORD102228,C36067,2024-03-22,2024-03-23,shipped,credit_card,EUR,45.55,1.0,45.55,app
2462,ORD102462,C52669,2025-12-21,2025-12-29,delivered,credit_card,EUR,49.22,5.0,246.1,web
2412,ORD102412,C93785,2024-01-19,2024-01-28,delivered,credit_card,USD,14.34,2.0,28.68,web
1772,ORD101772,C42641,2025-11-13,2025-11-16,cancelled,credit_card,USD,49.64,2.0,99.28,app
20,ORD100020,C55031,2024-11-19,2024-11-20,delivered,cash,EUR,39.97,5.0,199.85,web
1487,ORD101487,C10110,2024-02-22,2024-02-26,delivered,paypal,USD,12.3,5.0,61.5,web
439,ORD100439,C45781,2024-05-03,2024-05-10,delivered,credit_card,EUR,27.91,3.0,83.73,web
1149,ORD101149,C86680,2025-06-23,2025-06-24,cancelled,paypal,EUR,19.22,3.0,57.66,app
381,ORD100381,C94312,2024-06-21,2024-06-26,delivered,paypal,EUR,21.06,2.0,42.12,web
1427,ORD101427,C91228,2024-04-22,2024-04-24,cancelled,credit_card,USD,29.24,5.0,146.2,app
1333,ORD101333,C82668,2025-04-27,2025-05-05,delivered,credit_card,EUR,21.94,2.0,43.88,web
538,ORD100538,C58625,2024-07-25,2024-08-01,delivered,credit_card,EUR,24.17,2.0,48.34,web
2159,ORD102159,C40069,2024-12-30,2025-01-07,delivered,credit_card,EUR,,5.0,121.3,web
2304,ORD102304,C92414,2025-05-20,2025-05-24,cancelled,credit_card,EUR,37.63,5.0,188.15,web
83,ORD100083,C84940,2025-04-26,2025-05-01,delivered,credit_card,EUR,22.6,4.0,90.4,web
999,ORD100999,C56146,2024-11-24,2024-11-28,cancelled,paypal,EUR,41.86,3.0,125.58,app
2536,ORD101602,C84334,2024-05-18,2024-05-26,delivered,credit_card,EUR,18.78,4.0,75.12,partner
2035,ORD102035,C86139,2025-01-06,2025-01-14,delivered,paypal,EUR,-10.0,3.0,101.76,app
883,ORD100883,C23969,2025-10-29,2025-11-05,delivered,cash,EUR,24.84,2.0,49.68,web
1293,ORD101293,C10405,2025-04-24,2025-04-26,delivered,cash,EUR,136.31,3.0,408.93,web
1554,ORD101554,C51203,2024-01-05,2024-01-08,cancelled,credit_card,USD,72.58,5.0,362.9,app
1851,ORD101851,C32792,2025-02-17,2025-02-24,delivered,credit_card,EUR,31.21,2.0,62.42,web
886,ORD100886,C14772,2025-07-20,2025-07-29,delivered,credit_card,USD,60.25,5.0,301.25,web
270,ORD100270,C36527,2025-04-27,2025-04-28,delivered,cash,EUR,31.4,4.0,125.6,web
2113,ORD102113,C91928,2025-01-16,2025-01-18,delivered,credit_card,EUR,53.29,1.0,53.29,web
1208,ORD101208,C35625,2024-12-25,2025-01-03,delivered,credit_card,EUR,30.77,1.0,30.77,web
2122,ORD102122,C62413,2025-08-27,2025-09-03,shipped,cash,USD,23.87,2.0,47.74,web
2329,ORD102329,C23217,2024-12-22,2024-12-30,processing,credit_card,EUR,48.38,4.0,193.52,app
1694,ORD101694,C24401,2025-02-16,2025-02-24,delivered,credit_card,EUR,13.81,3.0,41.43,app
998,ORD100998,C96558,2024-03-30,2024-04-07,delivered,cash,EUR,47.47,5.0,237.35,app
1089,ORD101089,C22743,2025-10-27,2025-10-28,delivered,paypal,EUR,16.95,4.0,67.8,web
429,ORD100429,C74385,2025-04-22,2025-04-26,shipped,paypal,EUR,29.16,1.0,29.16,web
1242,ORD101242,C96691,2025-11-17,2025-11-26,cancelled,credit_card,EUR,48.9,4.0,195.6,app
2258,ORD102258,C10112,2024-11-26,2024-12-03,delivered,paypal,EUR,122.92,2.0,245.84,web
2269,ORD102269,C97898,2024-02-04,2024-02-06,shipped,credit_card,EUR,10.84,2.0,21.68,web
458,ORD100458,C85670,2025-01-09,2025-01-11,delivered,credit_card,EUR,15.96,4.0,63.84,web
1389,ORD101389,C91814,2025-08-25,2025-09-03,delivered,credit_card,EUR,90.52,2.0,181.04,web
927,ORD100927,C37120,2025-10-07,2025-10-15,cancelled,paypal,EUR,39.08,4.0,156.32,app
78,ORD100078,C60804,2025-12-09,2025-12-13,delivered,credit_card,EUR,27.28,0.0,81.84,web
2498,ORD102498,C12908,2025-05-11,2025-05-20,delivered,paypal,EUR,19.06,1.0,19.06,app
1885,ORD101885,C26154,2025-06-11,2025-06-14,processing,cash,EUR,20.51,2.0,41.02,app
32,ORD100032,C18292,,2025-11-15,shipped,credit_card,EUR,15.32,3.0,45.96,app
906,ORD100906,C47040,2024-09-16,2024-09-21,delivered,paypal,EUR,11.21,5.0,56.05,app
2342,ORD102342,C59103,2024-03-12,2024-03-15,delivered,cash,EUR,16.63,4.0,66.52,app
1735,ORD101735,C81827,2024-01-29,2024-02-04,delivered,cash,EUR,36.2,5.0,181.0,app
2309,ORD102309,C58045,2025-08-12,2025-08-21,delivered,credit_card,EUR,19.19,2.0,38.38,app
380,ORD100380,C10477,2024-01-30,2024-02-03,delivered,credit_card,EUR,37.53,1.0,37.53,app
1639,ORD101639,C34586,2025-01-03,2025-01-10,shipped,credit_card,EUR,50.85,4.0,203.4,app
226,ORD100226,C82778,2024-04-09,2024-04-14,shipped,credit_card,EUR,67.36,2.0,134.72,web
1444,ORD101444,C22570,2024-04-05,2024-04-08,in_progress,credit_card,EUR,25.77,1.0,25.77,app
1259,ORD101259,C82184,2025-02-13,2025-02-17,delivered,credit_card,EUR,60.66,1.0,60.66,web
715,ORD100715,C81931,2024-07-12,2024-07-17,shipped,credit_card,EUR,18.46,3.0,55.38,web
1407,ORD101407,C88687,2025-12-10,2025-12-16,cancelled,credit_card,USD,30.78,2.0,61.56,app
686,ORD100686,C46604,2025-07-13,2025-07-16,shipped,credit_card,EUR,23.19,3.0,69.57,web
2195,ORD102195,C83444,2025-09-02,2025-09-08,shipped,cash,EUR,20.17,5.0,100.85,app
1601,ORD101601,C76471,2025-12-22,2025-12-31,shipped,credit_card,EUR,21.55,1.0,21.55,web
305,ORD100305,C22622,2025-12-09,2025-12-11,delivered,paypal,EUR,17.1,2.0,34.2,app
209,ORD100209,C80086,2025-10-01,2025-10-02,shipped,credit_card,EUR,29.65,4.0,118.6,web
2217,ORD102217,C99873,2025-12-24,2025-12-27,delivered,paypal,EUR,34.91,5.0,174.55,app
1767,ORD101767,C52087,2025-11-09,2025-11-16,cancelled,credit_card,USD,31.46,2.0,62.92,app
2547,ORD100180,C94423,2024-03-26,2024-03-31,cancelled,paypal,USD,23.91,5.0,119.55,web
1133,,C78660,2025-07-09,2025-07-13,delivered,credit_card,EUR,20.08,1.0,20.08,partner
2045,ORD102045,C99261,2025-07-05,2025-07-11,delivered,cash,EUR,33.02,2.0,66.04,web
1272,ORD101272,C93839,2025-01-20,2025-01-28,shipped,credit_card,EUR,35.03,5.0,175.15,app
2389,ORD102389,C88556,2024-12-17,2024-12-25,processing,credit_card,USD,,1.0,17.04,web
1606,ORD101606,C23314,2024-03-16,2024-03-22,shipped,cash,EUR,9.96,1.0,9.96,web
1225,ORD101225,C97282,2025-12-24,2025-12-30,shipped,credit_card,USD,39.23,1.0,39.23,app
1620,ORD101620,C33848,2025-06-14,2025-06-19,processing,paypal,EUR,24.16,3.0,72.48,web
191,ORD100191,C66724,2025-03-19,2025-03-20,delivered,paypal,EUR,30.07,2.0,60.14,app
1278,ORD101278,C10731,2025-12-21,2025-12-24,shipped,paypal,USD,33.4,3.0,100.2,app
1137,ORD101137,C42994,2024-12-30,2025-01-05,delivered,credit_card,EUR,51.82,4.0,207.28,web
2526,ORD102097,C87455,2024-01-04,2024-01-06,delivered,credit_card,EUR,50.21,5.0,251.05,web
483,ORD100483,C81712,2025-08-24,2025-08-27,shipped,credit_card,USD,75.52,5.0,377.6,web
2451,ORD102451,C90122,2024-02-06,2024-02-14,shipped,credit_card,USD,31.28,5.0,156.4,app
915,ORD100915,C51269,2024-10-28,2024-11-05,delivered,credit_card,USD,22.88,4.0,91.52,web
1544,ORD101544,C30764,2024-10-29,2024-11-01,delivered,credit_card,EUR,32.73,5.0,163.65,web
277,ORD100277,C80445,2025-10-22,2025-10-23,delivered,paypal,USD,50.73,4.0,202.92,app
988,ORD100988,C32165,2024-11-19,2024-11-25,delivered,cash,EUR,51.65,1.0,51.65,web
1078,ORD101078,C47597,2025-10-06,2025-10-15,shipped,credit_card,EUR,34.94,3.0,104.82,web
1826,ORD101826,C19470,2025-09-13,2025-09-16,delivered,credit_card,EUR,17.28,4.0,69.12,web
571,ORD100571,C47463,2024-12-17,2024-12-18,processing,credit_card,EUR,45.77,1.0,45.77,app
993,ORD100993,C48827,2025-06-27,2025-07-02,shipped,cash,USD,35.89,2.0,71.78,partner
585,ORD100585,C93234,2024-09-20,2024-09-23,delivered,cash,USD,21.83,5.0,109.15,app
1159,ORD101159,C40652,2024-12-26,2024-12-30,delivered,cash,EUR,30.54,2.0,61.08,app
2563,ORD100936,C24212,2024-08-03,2024-08-09,delivered,credit_card,EUR,22.91,1.0,22.91,web
1494,ORD101494,C46911,2025-01-08,2025-01-15,delivered,paypal,EUR,53.45,1.0,53.45,partner
674,ORD100674,C65967,2025-12-28,2025-12-30,shipped,credit_card,EUR,15.74,3.0,47.22,app
2533,ORD101478,C30749,2025-01-31,2025-02-03,delivered,credit_card,EUR,16.18,5.0,80.9,app
855,ORD100855,C86445,2024-11-18,2024-11-27,delivered,paypal,EUR,14.4,5.0,72.0,partner
447,ORD100447,C96005,2024-12-29,2025-01-01,shipped,credit_card,EUR,30.27,3.0,90.81,app
1053,ORD101053,C96257,2025-06-05,2025-06-07,delivered,credit_card,EUR,29.81,4.0,119.24,app
1226,ORD101226,C19652,2024-03-20,2024-03-27,processing,credit_card,USD,39.01,2.0,78.02,app
2025,ORD102025,C52550,2024-12-01,2024-12-07,delivered,credit_card,EUR,15.45,1.0,15.45,app
2290,ORD102290,C45520,2024-05-24,2024-06-02,delivered,credit_card,EUR,26.22,4.0,104.88,web
294,ORD100294,C59049,2024-02-20,2024-02-28,cancelled,paypal,EUR,36.97,1.0,36.97,app
588,ORD100588,C85340,2024-06-18,2024-06-24,delivered,credit_card,EUR,28.62,2.0,57.24,app
1056,ORD101056,C50461,2025-05-30,2025-06-04,delivered,credit_card,EUR,22.33,1.0,22.33,web
2002,ORD102002,C45776,2025-12-30,2026-01-07,shipped,credit_card,EUR,50.78,1.0,50.78,web
1058,ORD101058,C48201,2024-05-02,2024-05-11,shipped,paypal,EUR,19.59,4.0,78.36,partner
1815,ORD101815,C19962,2024-07-20,2024-07-25,shipped,credit_card,USD,44.54,2.0,89.08,app
425,ORD100425,C27979,2024-05-13,2024-05-16,delivered,paypal,EUR,20.43,2.0,40.86,web
534,ORD100534,C61966,2024-03-13,2024-03-22,processing,paypal,EUR,22.23,3.0,66.69,web
1370,ORD101370,C89263,2024-02-03,2024-02-11,delivered,cash,EUR,36.75,4.0,147.0,web
2144,ORD102144,C42630,2024-01-20,2024-01-23,delivered,cash,USD,25.18,2.0,50.36,web
1057,ORD101057,C79488,2024-09-09,2024-09-17,processing,credit_card,EUR,50.89,1.0,50.89,web
2350,ORD102350,C58490,2025-11-09,2025-11-17,delivered,credit_card,EUR,34.61,2.0,69.22,app
2171,ORD102171,C77048,2025-05-19,2025-05-23,delivered,credit_card,USD,43.62,2.0,87.24,web
1340,ORD101340,C58074,2025-09-28,2025-10-05,shipped,cash,EUR,56.29,1.0,56.29,web
1580,ORD101580,C36679,2025-10-22,2025-10-28,x_cancel,paypal,EUR,26.96,5.0,134.8,web
2303,ORD102303,C89115,2025-08-02,2025-08-05,delivered,credit_card,EUR,22.4,2.0,44.8,web
2410,ORD102410,C57745,2025-11-23,2025-12-02,delivered,paypal,EUR,47.47,2.0,94.94,web
556,ORD100556,C76240,2025-08-09,2025-08-10,shipped,credit_card,EUR,16.56,4.0,66.24,app
1507,ORD101507,C53187,2025-04-20,2025-04-29,delivered,credit_card,EUR,69.89,1.0,69.89,web
1097,ORD101097,C77978,2025-02-09,2025-02-18,cancelled,credit_card,EUR,42.96,2.0,85.92,web
2388,ORD102388,C96012,2024-09-03,2024-09-09,delivered,credit_card,EUR,20.78,4.0,83.12,web
570,ORD100570,C95394,2024-11-05,2024-11-10,delivered,credit_card,EUR,15.06,3.0,45.18,web
352,ORD100352,C36891,2024-03-24,2024-03-31,cancelled,paypal,EUR,24.94,5.0,124.7,app
91,ORD100091,C82427,2024-10-03,2024-10-05,cancelled,paypal,USD,32.32,2.0,64.64,web
2564,ORD101239,C13685,2025-08-31,2025-09-04,delivered,credit_card,EUR,19.66,2.0,39.32,web
1100,ORD101100,C53174,2024-11-21,2024-11-25,delivered,credit_card,EUR,11.76,4.0,47.04,partner
1420,ORD101420,C95493,2025-11-16,2025-11-19,delivered,credit_card,EUR,37.18,5.0,185.9,web
1073,ORD101073,C57257,2024-08-29,2024-09-02,delivered,credit_card,EUR,62.99,3.0,188.97,web
2003,ORD102003,C51243,2025-07-18,2025-07-27,delivered,credit_card,EUR,22.07,1.0,22.07,app
2286,ORD102286,C91548,2025-02-14,2025-02-15,delivered,paypal,EUR,30.93,3.0,92.79,web
348,ORD100348,C26262,2024-07-23,2024-07-26,shipped,paypal,EUR,23.48,4.0,93.92,web
1151,ORD101151,C55430,2024-02-22,2024-02-23,delivered,paypal,USD,43.24,1.0,43.24,app
2527,ORD100619,C22579,2025-09-25,2025-10-02,delivered,credit_card,EUR,32.49,1.0,32.49,app
1681,ORD101681,C11122,2024-09-21,2024-09-27,delivered,cash,EUR,84.69,2.0,169.38,app
1613,ORD101613,C72377,2025-12-15,2025-12-16,delivered,credit_card,EUR,50.32,2.0,100.64,web
1907,ORD101907,C24512,2024-05-15,2024-05-21,delivered,paypal,EUR,30.67,4.0,122.68,web
2437,ORD102437,C70898,2025-03-08,2025-03-13,shipped,credit_card,EUR,26.55,5.0,132.75,app
2423,ORD102423,C84394,2025-05-11,2025-05-19,cancelled,credit_card,EUR,19.84,5.0,99.2,web
2132,ORD102132,C56754,2024-07-19,2024-07-20,delivered,credit_card,EUR,31.53,2.0,63.06,web
453,ORD100453,C12237,2024-11-15,2024-11-22,processing,credit_card,EUR,18.7,-1.0,37.4,partner
913,ORD100913,C98201,2024-03-09,2024-03-15,delivered,credit_card,EUR,30.06,,30.06,app
1378,ORD101378,,2024-05-10,2024-05-15,delivered,credit_card,EUR,31.55,3.0,94.65,app
37,ORD100037,C84485,2024-12-30,2025-01-05,delivered,credit_card,USD,24.74,5.0,123.7,app
974,ORD100974,C23313,2024-08-05,2024-08-10,delivered,cash,EUR,41.75,3.0,125.25,web
2366,ORD102366,C40351,2024-12-08,2024-12-13,delivered,credit_card,EUR,20.18,3.0,60.54,app
1446,ORD101446,C94421,2024-01-18,2024-01-25,delivered,paypal,EUR,13.92,3.0,41.76,app
39,ORD100039,C66849,2024-12-26,2024-12-30,delivered,paypal,EUR,33.57,2.0,67.14,app
1410,ORD101410,C15456,2024-06-19,2024-06-28,delivered,credit_card,EUR,26.9,4.0,107.6,web
169,ORD100169,C12044,2025-12-05,2025-12-10,delivered,credit_card,EUR,27.13,2.0,54.26,web
1873,ORD101873,C94737,2025-08-21,2025-08-29,delivered,credit_card,USD,19.84,3.0,59.52,web
1359,ORD101359,C42883,2024-11-17,2024-11-20,delivered,apple_pay,EUR,37.86,2.0,75.72,web
1393,ORD101393,C76807,2024-05-27,2024-06-03,delivered,credit_card,EUR,18.96,1.0,18.96,web
634,ORD100634,C26462,2025-06-03,2025-06-11,shipped,credit_card,EUR,14.56,5.0,72.8,app
1412,ORD101412,C32553,2024-05-19,2024-05-21,cancelled,credit_card,EUR,19.37,1.0,19.37,app
579,ORD100579,C19150,2024-11-23,2024-12-02,delivered,paypal,USD,72.62,1.0,72.62,web
2148,ORD102148,C86257,2024-08-02,2024-08-04,delivered,paypal,EUR,28.71,5.0,143.55,web
892,ORD100892,C57029,2025-08-05,2025-08-13,processing,credit_card,EUR,15.76,5.0,78.8,web
780,ORD100780,C89013,2024-03-04,2024-03-06,shipped,cash,EUR,15.69,3.0,47.07,app
159,ORD100159,C80550,2024-04-27,2024-05-04,delivered,credit_card,EUR,29.97,3.0,89.91,web
2445,ORD102445,C90505,2025-06-12,2025-06-17,cancelled,paypal,EUR,20.21,5.0,101.05,web
2092,ORD102092,C82449,2024-02-23,2024-02-29,shipped,paypal,USD,36.45,4.0,145.8,web
61,ORD100061,C77027,2024-09-19,2024-09-24,shipped,credit_card,EUR,25.19,4.0,100.76,web
849,ORD100849,C64532,2025-07-24,2025-07-26,delivered,paypal,EUR,64.94,4.0,259.76,web
2120,ORD102120,C79217,2025-03-27,2025-03-30,delivered,credit_card,EUR,85.87,5.0,429.35,web
2479,ORD102479,C22122,2025-03-20,2025-03-26,processing,cash,EUR,21.92,1.0,21.92,web
1043,ORD101043,C43503,2025-07-20,2025-07-23,delivered,cash,USD,27.88,3.0,83.64,web
1847,ORD101847,C58812,2024-04-20,2024-04-22,cancelled,credit_card,USD,51.75,2.0,103.5,web
1192,ORD101192,C25325,2024-05-22,2024-05-25,delivered,credit_card,EUR,27.31,3.0,81.93,app
1070,ORD101070,C70745,2025-08-07,2025-08-11,shipped,cash,EUR,21.03,3.0,63.09,web
53,ORD100053,C52004,2024-05-21,2024-05-29,processing,credit_card,EUR,19.64,2.0,39.28,partner
1637,ORD101637,C65960,2024-07-08,2024-07-13,cancelled,paypal,EUR,13.08,4.0,52.32,web
505,ORD100505,C50850,2024-09-28,2024-09-30,shipped,credit_card,EUR,26.04,4.0,104.16,web
752,ORD100752,C17763,2024-04-24,2024-04-29,delivered,paypal,EUR,58.83,1.0,58.83,app
1658,ORD101658,C85511,2024-05-26,2024-05-28,delivered,paypal,EUR,42.47,5.0,212.35,web
1505,ORD101505,C31823,2025-11-27,2025-12-06,delivered,credit_card,EUR,28.2,4.0,112.8,partner
1472,ORD101472,C50434,2024-03-31,2024-04-09,delivered,cash,USD,15.06,5.0,75.3,web
1551,ORD101551,C86802,2024-10-15,2024-10-23,shipped,credit_card,EUR,12.18,3.0,36.54,web
2111,ORD102111,C70725,2024-08-25,2024-08-27,delivered,credit_card,EUR,27.14,5.0,135.7,app
771,ORD100771,C98795,2024-10-28,2024-11-06,delivered,cash,EUR,33.86,3.0,101.58,app
2406,ORD102406,C43392,2024-07-27,2024-08-01,cancelled,cash,EUR,-1.0,5.0,170.7,web
2299,ORD102299,C90371,2025-02-09,2025-02-17,shipped,paypal,EUR,22.51,5.0,112.55,app
1085,ORD101085,C85515,2024-06-07,2024-06-14,cancelled,paypal,EUR,15.64,1.0,15.64,app
1260,ORD101260,C33948,2024-05-07,2024-05-16,processing,cash,EUR,62.75,4.0,251.0,web
2033,ORD102033,C71027,2025-07-03,2025-07-10,delivered,credit_card,EUR,21.62,5.0,108.1,app
1211,ORD101211,C80379,2025-12-31,2026-01-01,shipped,paypal,EUR,40.89,2.0,81.78,partner
1234,ORD101234,C67330,2024-08-23,2024-08-30,delivered,credit_card,EUR,41.92,1.0,41.92,app
1729,ORD101729,C19415,2024-01-11,2024-01-16,delivered,credit_card,EUR,66.4,0.0,199.2,app
2415,ORD102415,C53756,2024-03-14,2024-03-18,cancelled,paypal,EUR,63.45,4.0,253.8,web
963,ORD100963,C29586,2024-02-07,2024-02-15,delivered,credit_card,USD,28.05,5.0,140.25,app
1222,ORD101222,C96536,2025-07-02,2025-07-04,cancelled,credit_card,EUR,72.23,4.0,288.92,app
398,ORD100398,C35245,2025-08-05,2025-08-14,shipped,paypal,USD,26.93,3.0,80.79,web
584,ORD100584,C46367,2024-09-05,2024-09-10,shipped,paypal,EUR,22.91,1.0,22.91,web
948,ORD100948,C95305,2025-03-18,2025-03-20,delivered,credit_card,EUR,37.69,5.0,188.45,web
704,ORD100704,C21640,2024-08-06,2024-08-11,processing,credit_card,EUR,34.97,2.0,69.94,web
431,ORD100431,C76507,2025-05-06,2025-05-12,delivered,credit_card,EUR,16.91,3.0,50.73,app
292,ORD100292,C95838,2025-06-11,2025-06-15,shipped,cash,EUR,20.08,2.0,40.16,web
2364,ORD102364,C78375,2025-10-04,2025-10-05,shipped,credit_card,EUR,23.27,4.0,93.08,web
2535,ORD101374,C89864,2025-03-29,2025-04-01,processing,credit_card,EUR,69.96,1.0,69.96,app
1614,ORD101614,C15420,2024-07-31,2024-08-03,shipped,cash,EUR,37.53,5.0,187.65,web
2,ORD100002,C68910,2025-07-04,2025-07-08,processing,paypal,EUR,54.13,3.0,162.39,partner
576,ORD100576,C93322,2024-03-20,2024-03-21,delivered,cash,EUR,21.12,3.0,63.36,app
1933,ORD101933,C95787,2024-03-24,2024-03-25,delivered,paypal,EUR,17.29,1.0,17.29,app
339,ORD100339,C95759,2025-12-11,2025-12-20,delivered,credit_card,EUR,24.76,3.0,74.28,partner
2447,ORD102447,C68165,2025-01-14,2025-01-16,shipped,credit_card,EUR,23.9,4.0,95.6,app
925,ORD100925,C95141,2025-12-17,2025-12-25,delivered,credit_card,EUR,29.55,3.0,88.65,web
265,ORD100265,C62294,2025-01-25,2025-01-29,processing,credit_card,EUR,20.62,3.0,61.86,app
376,ORD100376,C76294,2025-04-30,2025-05-08,delivered,credit_card,EUR,22.24,5.0,111.2,web
271,ORD100271,C12052,2024-01-30,2024-01-31,shipped,cash,EUR,56.05,3.0,168.15,app
696,ORD100696,C74966,2024-06-13,2024-06-20,delivered,credit_card,EUR,34.99,4.0,139.96,web
1714,ORD101714,C67998,2025-05-15,2025-05-18,delivered,paypal,EUR,20.17,1.0,20.17,web
244,ORD100244,C66586,2024-05-25,2024-06-03,delivered,credit_card,EUR,43.49,5.0,217.45,web
1978,ORD101978,C15138,2025-09-27,2025-09-29,cancelled,paypal,EUR,,1.0,13.29,web
476,ORD100476,C86227,2024-12-27,2025-01-03,shipped,credit_card,USD,9.27,1.0,9.27,web
1244,ORD101244,C88749,2024-06-25,2024-07-02,delivered,credit_card,EUR,22.45,1.0,22.45,web
1476,ORD101476,C54145,2025-04-15,2025-04-20,delivered,paypal,EUR,10.19,2.0,20.38,web
1859,ORD101859,C76160,2025-12-09,2025-12-13,shipped,credit_card,EUR,16.81,3.0,50.43,web
1231,ORD101231,C76037,2025-09-20,2025-09-22,processing,credit_card,EUR,31.25,1.0,31.25,web
1374,ORD101374,C89864,2025-03-29,2025-04-01,processing,credit_card,EUR,69.96,1.0,69.96,app
250,ORD100250,C26150,2024-06-28,2024-07-04,delivered,credit_card,USD,27.14,1.0,27.14,web
413,ORD100413,C21863,2024-06-14,2024-06-18,shipped,credit_card,USD,51.16,1.0,51.16,app
1840,ORD101840,C48264,2024-02-07,2024-02-08,delivered,paypal,EUR,41.7,1.0,41.7,web
1746,ORD101746,C98921,2024-07-18,2024-07-24,cancelled,paypal,EUR,30.85,5.0,154.25,app
310,ORD100310,C69938,2025-01-10,2025-01-16,delivered,credit_card,EUR,32.06,4.0,128.24,web
893,ORD100893,C98217,2024-05-17,2024-05-26,delivered,paypal,EUR,48.33,3.0,144.99,web
1131,ORD101131,C70317,2025-02-02,2025-02-04,processing,paypal,EUR,27.06,5.0,135.3,web
2491,ORD102491,C33832,2025-01-16,2025-01-24,cancelled,cash,EUR,39.13,3.0,117.39,web
15,ORD100015,C80745,2025-08-22,2025-08-27,cancelled,credit_card,EUR,76.93,3.0,230.79,web
721,ORD100721,C93810,2024-07-03,2024-07-10,cancelled,credit_card,EUR,37.03,4.0,148.12,web
2500,ORD100267,C41217,2025-12-27,2026-01-03,shipped,cash,EUR,17.72,5.0,88.6,web
981,ORD100981,C73179,2024-06-28,2024-07-04,shipped,credit_card,EUR,25.31,1.0,25.31,partner
2167,ORD102167,C85898,2024-04-11,2024-04-13,delivered,credit_card,USD,23.77,3.0,71.31,web
2072,ORD102072,C46243,2024-12-27,2024-12-28,delivered,credit_card,EUR,51.27,5.0,256.35,web
363,ORD100363,C90409,2025-03-23,2025-03-30,delivered,cash,EUR,44.58,5.0,222.9,web
2213,ORD102213,C20413,2024-12-23,2024-12-26,processing,paypal,EUR,15.92,2.0,31.84,web
182,ORD100182,C54759,2024-10-11,2024-10-17,delivered,credit_card,EUR,50.48,2.0,100.96,app
985,ORD100985,C68718,2024-01-20,2024-01-26,shipped,credit_card,USD,68.73,5.0,343.65,app
1468,ORD101468,C79975,2025-03-07,2025-03-14,delivered,cash,USD,18.21,2.0,36.42,web
2568,ORD102380,C26160,2024-10-04,2024-10-11,delivered,credit_card,EUR,24.46,4.0,97.84,app
1883,ORD101883,C86182,2025-02-16,2025-02-18,delivered,paypal,USD,24.39,5.0,121.95,web
1121,ORD101121,C17570,2024-06-11,2024-06-20,delivered,credit_card,EUR,24.76,4.0,99.04,app
187,ORD100187,C44291,2025-02-16,2025-02-22,shipped,credit_card,EUR,41.19,1.0,41.19,app
619,ORD100619,C22579,2025-09-25,2025-10-02,delivered,credit_card,EUR,32.49,1.0,32.49,app
1187,ORD101187,C63862,2025-11-18,2025-11-27,processing,credit_card,EUR,30.65,2.0,61.3,web
1175,ORD101175,C40496,2024-11-11,2024-11-17,cancelled,cash,EUR,14.77,5.0,73.85,partner
1538,ORD101538,C73562,2024-08-11,2024-08-17,delivered,credit_card,EUR,22.66,5.0,113.3,web
614,ORD100614,C71754,2024-09-23,2024-09-28,delivered,paypal,EUR,77.4,1.0,77.4,web
1854,ORD101854,C19599,2024-12-19,2024-12-20,cancelled,credit_card,EUR,55.79,1.0,55.79,app
994,ORD100994,C57669,2025-11-09,2025-11-17,delivered,credit_card,EUR,15.41,5.0,77.05,app
934,ORD100934,C49840,2024-06-21,2024-06-29,delivered,credit_card,EUR,49.27,3.0,147.81,web
371,ORD100371,C69548,2025-12-14,2025-12-18,delivered,cash,EUR,47.89,5.0,239.45,app
1660,ORD101660,C65770,2024-10-21,2024-10-25,delivered,credit_card,EUR,42.42,2.0,84.84,web
593,ORD100593,C98160,2024-06-25,2024-06-28,,credit_card,USD,19.55,4.0,78.2,app
726,ORD100726,C74909,2025-02-27,2025-03-07,shipped,paypal,EUR,23.35,3.0,70.05,web
1949,ORD101949,C38937,2025-10-18,2025-10-26,delivered,cash,EUR,11.49,5.0,57.45,app
687,ORD100687,C63430,2024-10-21,2024-10-30,cancelled,credit_card,EUR,47.58,4.0,190.32,web
1891,ORD101891,C32073,2025-08-19,2025-08-28,shipped,credit_card,USD,17.88,1.0,17.88,app
136,ORD100136,C64254,2024-09-02,2024-09-11,delivered,,EUR,14.52,4.0,58.08,app
628,ORD100628,C55454,2025-01-03,2025-01-07,shipped,credit_card,EUR,36.21,5.0,181.05,web
334,,C51402,2024-10-10,2024-10-12,shipped,credit_card,EUR,12.68,3.0,38.04,web
1565,ORD101565,C50900,2024-09-09,2024-09-18,shipped,paypal,EUR,26.91,1.0,26.91,web
1902,ORD101902,C74794,2024-10-19,2024-10-28,delivered,paypal,EUR,45.03,3.0,135.09,app
1109,ORD101109,C14018,2025-05-08,2025-05-14,delivered,paypal,EUR,37.18,1.0,37.18,web
1270,ORD101270,C43207,2024-11-05,2024-11-07,processing,credit_card,EUR,30.0,4.0,120.0,web
1888,ORD101888,C15532,2024-09-03,2024-09-09,shipped,paypal,EUR,33.15,5.0,165.75,web
710,ORD100710,C71134,2025-12-03,2025-12-12,delivered,paypal,EUR,48.6,4.0,194.4,app
1039,ORD101039,C84444,2025-08-27,2025-09-05,delivered,credit_card,EUR,20.51,4.0,82.04,web
1419,ORD101419,C52862,2025-03-24,2025-03-25,delivered,paypal,EUR,20.37,3.0,61.11,app
1748,ORD101748,C82447,2025-10-28,2025-11-02,delivered,credit_card,EUR,39.96,3.0,119.88,web
2365,ORD102365,C17738,2025-03-04,2025-03-06,delivered,credit_card,EUR,27.86,3.0,83.58,app
1112,ORD101112,C27330,2025-03-21,2025-03-26,shipped,credit_card,EUR,65.24,3.0,195.72,web
465,ORD100465,C96959,2025-03-09,2025-03-17,delivered,paypal,USD,34.24,1.0,34.24,app
2029,ORD102029,C40843,2025-02-14,2025-02-23,delivered,cash,EUR,25.72,4.0,102.88,web
2541,ORD101583,C47261,2025-07-29,2025-08-05,delivered,credit_card,EUR,18.63,4.0,74.52,web
1961,ORD101961,C98973,2024-09-04,2024-09-10,delivered,credit_card,EUR,22.26,5.0,111.3,app
1104,ORD101104,C37570,2025-11-06,2025-11-15,processing,credit_card,EUR,45.58,2.0,91.16,web
1467,ORD101467,C44605,2024-06-25,2024-07-01,delivered,paypal,EUR,-10.0,4.0,91.0,web
338,ORD100338,C28246,2024-06-06,2024-06-14,delivered,paypal,EUR,15.25,2.0,30.5,web
1535,,C12815,2024-01-24,2024-01-30,delivered,credit_card,EUR,16.08,5.0,80.4,web
2154,ORD102154,C73418,2024-03-30,2024-03-31,delivered,paypal,USD,34.15,1.0,34.15,app
1718,ORD101718,C47169,2025-01-20,2025-01-29,processing,paypal,EUR,35.59,5.0,177.95,web
2044,ORD102044,C34997,2024-11-22,2024-11-29,delivered,cash,EUR,123.3,2.0,246.6,partner
2161,ORD102161,C31978,2025-02-28,2025-03-05,processing,credit_card,EUR,42.22,1.0,42.22,app
816,ORD100816,C13889,2025-04-07,2025-04-09,shipped,credit_card,USD,42.04,2.0,84.08,app
1067,ORD101067,C67679,2024-04-22,2024-04-26,delivered,credit_card,EUR,23.24,3.0,69.72,app
274,ORD100274,C47633,2025-02-02,2025-02-10,shipped,credit_card,EUR,87.41,2.0,174.82,web
1800,ORD101800,C15134,2024-07-21,2024-07-27,delivered,credit_card,EUR,43.79,1.0,43.79,app
865,ORD100865,C72830,2025-07-01,2025-07-02,delivered,credit_card,USD,30.21,3.0,90.63,app
101,ORD100101,C27991,2024-06-05,2024-06-13,shipped,credit_card,USD,20.21,5.0,101.05,web
1632,ORD101632,C18199,2025-06-17,2025-06-19,delivered,cash,EUR,51.38,4.0,205.52,app
107,ORD100107,C69835,2024-07-07,2024-07-12,delivered,credit_card,EUR,17.79,1.0,17.79,web
2558,ORD101594,C73188,2025-12-02,2025-12-10,delivered,cash,EUR,31.45,2.0,62.9,web
2162,ORD102162,C46254,2024-04-23,2024-05-02,delivered,credit_card,EUR,21.26,1.0,21.26,web
2158,ORD102158,C83167,2024-11-03,2024-11-08,delivered,credit_card,USD,26.06,2.0,52.12,app
1289,ORD101289,C65970,2024-08-19,2024-08-25,shipped,cash,USD,14.48,2.0,28.96,partner
1447,ORD101447,C96378,2024-09-26,2024-10-02,in_progress,credit_card,EUR,72.08,5.0,360.4,web
1814,ORD101814,C89524,2025-07-03,2025-07-09,delivered,credit_card,EUR,71.98,5.0,359.9,partner
1285,ORD101285,C14406,2025-02-08,2025-02-17,processing,credit_card,EUR,57.34,1.0,57.34,app
2516,ORD101251,C47041,2025-08-06,2025-08-07,delivered,credit_card,EUR,52.28,3.0,156.84,app
712,ORD100712,C75496,2024-09-07,2024-09-13,shipped,cash,EUR,34.88,2.0,69.76,web
72,ORD100072,C51664,2025-06-17,2025-06-21,shipped,credit_card,EUR,26.41,4.0,105.64,web
2125,ORD102125,C32959,2024-10-08,2024-10-17,shipped,cash,EUR,19.61,3.0,58.83,web
2472,ORD102472,C47326,2025-09-03,2025-09-05,delivered,credit_card,USD,59.26,3.0,177.78,app
481,ORD100481,C84647,2024-02-14,2024-02-15,delivered,credit_card,USD,20.86,4.0,83.44,web
1762,ORD101762,C10917,2024-08-01,2024-08-06,delivered,cash,EUR,22.64,1.0,22.64,partner
1503,ORD101503,C39023,2024-11-22,2024-11-27,delivered,cash,EUR,21.36,3.0,64.08,web
1171,ORD101171,C66774,2024-03-10,2024-03-17,shipped,credit_card,EUR,11.33,3.0,33.99,web
2099,ORD102099,C32200,2025-06-17,2025-06-20,delivered,credit_card,EUR,33.91,2.0,67.82,partner
1518,ORD101518,C54528,2024-05-16,2024-05-17,delivered,credit_card,EUR,39.32,3.0,117.96,web
405,ORD100405,C55066,2025-09-23,2025-09-28,shipped,paypal,EUR,51.46,3.0,154.38,app
757,ORD100757,C44498,2024-05-22,2024-05-26,delivered,credit_card,EUR,22.79,2.0,45.58,web
1441,ORD101441,C56145,2024-08-16,2024-08-18,delivered,cash,EUR,34.81,3.0,104.43,app
1716,ORD101716,C68129,2024-12-23,2025-01-01,shipped,paypal,USD,15.07,5.0,75.35,app
1380,ORD101380,C98244,2025-09-24,2025-09-25,shipped,paypal,EUR,23.76,3.0,71.28,web
1870,ORD101870,C13884,2025-02-12,2025-02-18,delivered,paypal,USD,32.24,,64.48,web
2039,ORD102039,C50466,2025-09-27,2025-10-01,delivered,cash,EUR,41.79,5.0,208.95,app
743,ORD100743,C34347,2025-01-14,2025-01-19,delivered,cash,EUR,38.46,3.0,115.38,web
806,ORD100806,C59040,2024-07-20,2024-07-29,delivered,paypal,EUR,23.87,2.0,47.74,web
2375,ORD102375,C99133,2025-04-30,2025-05-06,delivered,credit_card,EUR,14.89,5.0,74.45,web
1774,ORD101774,C79201,2024-01-25,2024-01-28,delivered,credit_card,EUR,55.05,1.0,55.05,app
2275,ORD102275,C48229,2024-02-02,2024-02-03,delivered,paypal,EUR,17.65,1.0,17.65,web
1517,ORD101517,C14371,2024-04-21,2024-04-23,delivered,paypal,EUR,50.02,2.0,100.04,web
148,ORD100148,C83949,,2025-11-22,shipped,cash,EUR,34.16,5.0,170.8,app
1749,ORD101749,C74737,2024-10-03,2024-10-10,cancelled,paypal,USD,36.93,4.0,147.72,app
2407,ORD102407,C73947,2025-07-31,2025-08-08,delivered,credit_card,EUR,22.81,2.0,45.62,web
692,ORD100692,C93822,2025-05-05,2025-05-13,delivered,credit_card,EUR,23.26,1.0,23.26,app
818,ORD100818,C69916,2024-07-06,2024-07-14,delivered,credit_card,EUR,17.99,2.0,35.98,partner
1858,,C57162,2025-05-04,2025-05-11,delivered,credit_card,EUR,26.77,1.0,26.77,web
2338,ORD102338,C13910,2025-09-13,2025-09-15,delivered,credit_card,USD,30.11,4.0,120.44,app
1813,ORD101813,C54595,2024-03-12,2024-03-13,cancelled,credit_card,EUR,13.14,1.0,13.14,web
701,ORD100701,C65454,2025-10-29,2025-11-07,processing,credit_card,USD,34.71,1.0,34.71,web
2276,ORD102276,C28898,2024-09-02,2024-09-07,delivered,credit_card,EUR,29.12,4.0,116.48,app
921,ORD100921,C61516,2025-07-29,2025-08-03,delivered,credit_card,USD,55.99,2.0,111.98,web
905,ORD100905,C73861,2024-09-14,2024-09-20,cancelled,cash,USD,26.45,4.0,105.8,web
454,ORD100454,C63723,2024-07-21,2024-07-28,delivered,cash,USD,29.21,3.0,87.63,web
1610,ORD101610,C79876,2024-01-03,2024-01-07,delivered,paypal,USD,63.36,3.0,190.08,web
1896,ORD101896,C61687,2024-08-03,2024-08-12,delivered,cash,EUR,24.3,2.0,48.6,web
1295,ORD101295,C56316,2024-07-20,2024-07-23,shipped,paypal,EUR,19.45,2.0,38.9,app
167,ORD100167,C25027,2025-12-06,2025-12-14,delivered,paypal,EUR,29.29,2.0,58.58,web
730,ORD100730,C75592,2025-09-06,2025-09-15,delivered,credit_card,EUR,11.98,4.0,47.92,app
2004,ORD102004,C81808,2024-01-13,2024-01-18,delivered,cash,EUR,22.47,4.0,89.88,web
26,ORD100026,C46216,2024-12-08,2024-12-15,processing,credit_card,EUR,27.14,5.0,135.7,app
1422,ORD101422,C63011,2024-12-17,2024-12-25,delivered,paypal,EUR,22.16,4.0,88.64,app
1611,ORD101611,C22934,2024-12-16,2024-12-24,cancelled,credit_card,EUR,19.52,2.0,39.04,partner
997,ORD100997,C42458,2024-12-14,2024-12-23,shipped,paypal,USD,35.68,3.0,107.04,app
1176,ORD101176,C38481,2024-09-24,2024-10-01,delivered,paypal,EUR,49.33,1.0,49.33,web
1040,ORD101040,C73554,2025-06-21,2025-06-30,cancelled,credit_card,EUR,32.38,5.0,161.9,partner
1717,ORD101717,C44114,2024-09-06,2024-09-14,delivered,paypal,USD,17.22,2.0,34.44,app
2349,ORD102349,C55375,2025-10-20,2025-10-26,shipped,credit_card,EUR,43.0,4.0,172.0,app
1997,ORD101997,C99402,2024-10-10,2024-10-11,delivered,credit_card,EUR,27.96,5.0,139.8,app
41,ORD100041,C78227,2025-12-10,2025-12-11,delivered,credit_card,EUR,21.41,3.0,64.23,app
1599,ORD101599,C73727,2024-09-02,2024-09-09,processing,credit_card,USD,23.32,3.0,69.96,app
2440,ORD102440,C42608,2025-06-15,2025-06-18,cancelled,cash,USD,18.8,2.0,37.6,web
1804,ORD101804,C21517,2025-05-03,2025-05-11,delivered,cash,EUR,107.44,1.0,107.44,web
2259,ORD102259,C99282,2025-05-22,2025-05-30,processing,credit_card,EUR,16.29,2.0,32.58,web
1406,ORD101406,C41231,2025-06-06,2025-06-08,cancelled,cash,EUR,20.61,5.0,103.05,app
609,ORD100609,C87180,2024-06-21,2024-06-23,processing,paypal,EUR,47.26,1.0,47.26,web
1132,ORD101132,C81499,2024-01-28,2024-02-02,delivered,paypal,EUR,46.71,5.0,233.55,web
28,ORD100028,C59088,2024-03-04,2024-03-05,cancelled,credit_card,EUR,30.27,1.0,30.27,app
441,ORD100441,C37085,2025-11-15,2025-11-22,delivered,paypal,EUR,16.21,4.0,64.84,web
2012,ORD102012,C23785,2024-03-30,2024-04-03,x_cancel,credit_card,EUR,13.16,5.0,65.8,web
1672,ORD101672,C34090,2025-01-05,2025-01-07,processing,credit_card,EUR,9.52,4.0,38.08,web
493,ORD100493,C64279,2025-09-17,2025-09-18,delivered,credit_card,USD,29.14,2.0,58.28,web
1258,ORD101258,C58636,2024-02-28,2024-03-08,processing,credit_card,EUR,22.92,4.0,91.68,web
1301,ORD101301,C46121,2025-03-01,2025-03-05,delivered,credit_card,EUR,35.62,5.0,178.1,web
1990,ORD101990,C57791,2024-05-17,2024-05-24,delivered,credit_card,EUR,51.87,5.0,259.35,web
1304,ORD101304,C64954,2024-01-17,2024-01-24,delivered,paypal,EUR,64.8,5.0,324.0,web
236,ORD100236,C69696,2025-02-23,2025-02-28,delivered,credit_card,EUR,30.96,1.0,30.96,web
551,ORD100551,C45426,2024-05-08,2024-05-15,delivered,credit_card,EUR,29.44,2.0,58.88,web
520,ORD100520,C42207,2024-09-12,2024-09-18,delivered,credit_card,EUR,24.65,5.0,123.25,web
1760,ORD101760,C44620,2024-06-14,2024-06-16,processing,credit_card,USD,31.65,4.0,126.6,app
1232,ORD101232,C97330,2024-10-20,2024-10-28,delivered,paypal,EUR,21.84,1.0,21.84,web
1138,ORD101138,C76929,2024-03-01,2024-03-03,cancelled,credit_card,EUR,31.08,1.0,31.08,web
720,ORD100720,C22522,2025-05-26,2025-06-02,delivered,paypal,EUR,24.4,3.0,73.2,web
2017,ORD102017,C75355,2024-02-12,2024-02-21,delivered,credit_card,EUR,12.64,1.0,12.64,web
2273,ORD102273,C51508,2025-12-22,2025-12-26,delivered,credit_card,EUR,35.11,2.0,70.22,web
58,ORD100058,C76903,2024-01-23,2024-01-24,delivered,paypal,USD,28.15,3.0,84.45,app
631,ORD100631,C39474,2024-12-02,2024-12-08,processing,credit_card,USD,13.66,2.0,27.32,web
1181,ORD101181,C93470,2024-01-24,2024-01-31,delivered,credit_card,EUR,45.74,2.0,91.48,web
1740,ORD101740,C48791,2024-09-02,2024-09-10,shipped,credit_card,EUR,43.14,2.0,86.28,web
592,ORD100592,C31588,2025-06-09,2025-06-11,cancelled,credit_card,EUR,20.07,2.0,40.14,app
1303,ORD101303,C90606,2024-01-16,2024-01-22,delivered,credit_card,EUR,25.65,4.0,102.6,app
2241,ORD102241,C69710,2024-12-03,2024-12-07,delivered,credit_card,EUR,30.39,1.0,30.39,web
939,ORD100939,C55751,2025-08-29,2025-09-04,delivered,paypal,EUR,39.41,2.0,78.82,app
2393,ORD102393,C29871,2024-02-05,2024-02-07,delivered,paypal,USD,22.38,,111.9,app
1249,ORD101249,C98011,2025-10-24,2025-11-01,delivered,credit_card,EUR,52.8,1.0,52.8,partner
904,ORD100904,C51303,2024-10-13,2024-10-16,cancelled,credit_card,USD,42.63,5.0,213.15,partner
1279,ORD101279,C87890,2024-11-22,2024-11-28,processing,credit_card,EUR,52.19,1.0,52.19,web
2053,ORD102053,C95277,2025-02-10,2025-02-14,shipped,credit_card,EUR,14.7,5.0,73.5,web
2466,ORD102466,C37104,2024-06-14,2024-06-16,delivered,credit_card,EUR,23.42,4.0,93.68,web
1945,ORD101945,C20705,2024-10-31,2024-11-06,delivered,paypal,EUR,38.46,1.0,38.46,web
1506,ORD101506,C92274,2024-07-02,2024-07-09,delivered,,EUR,61.67,3.0,185.01,app
1964,ORD101964,C83521,2024-11-21,2024-11-23,delivered,credit_card,USD,28.77,5.0,143.85,app
2022,ORD102022,C69240,2025-01-28,2025-02-05,shipped,credit_card,EUR,12.79,1.0,12.79,web
706,ORD100706,C10706,2025-12-31,2026-01-06,delivered,cash,EUR,25.45,5.0,127.25,web
1022,ORD101022,C88165,2025-08-28,2025-08-30,delivered,credit_card,USD,12.7,1.0,12.7,app
745,ORD100745,C42776,2025-08-15,2025-08-23,delivered,credit_card,EUR,13.67,3.0,41.01,app
1936,ORD101936,C43533,2025-04-23,2025-04-27,cancelled,cash,EUR,13.61,3.0,40.83,web
1510,ORD101510,C40001,2024-09-15,2024-09-19,delivered,paypal,EUR,58.42,3.0,175.26,web
513,ORD100513,C83490,2025-06-22,2025-06-28,shipped,credit_card,EUR,22.32,2.0,44.64,web
81,ORD100081,C49343,2024-12-03,2024-12-06,cancelled,credit_card,USD,35.67,2.0,71.34,web
2280,ORD102280,C78677,2025-09-12,2025-09-13,delivered,paypal,EUR,32.31,1.0,32.31,web
1308,ORD101308,C47349,2025-01-14,2025-01-18,processing,credit_card,USD,32.84,4.0,131.36,web
914,ORD100914,C63276,2025-03-12,2025-03-21,delivered,credit_card,EUR,42.94,5.0,214.7,web
2368,ORD102368,C24605,2025-11-04,2025-11-09,delivered,cash,EUR,40.13,5.0,200.65,web
1922,ORD101922,C84290,2025-07-12,2025-07-19,shipped,credit_card,EUR,41.37,3.0,124.11,web
150,ORD100150,C87009,2025-10-05,2025-10-10,processing,paypal,USD,75.13,2.0,150.26,app
774,ORD100774,C86169,2024-06-26,2024-07-01,shipped,credit_card,EUR,38.78,3.0,116.34,app
329,ORD100329,C59936,2024-04-02,2024-04-06,shipped,credit_card,EUR,137.37,5.0,686.85,app
6,ORD100006,C17735,2024-12-02,2024-12-11,processing,paypal,USD,33.82,5.0,169.1,app
943,ORD100943,C52674,2024-06-09,2024-06-14,delivered,paypal,EUR,49.75,1.0,49.75,web
1688,ORD101688,C94551,2024-01-31,2024-02-08,delivered,credit_card,EUR,60.75,1.0,60.75,app
734,ORD100734,C28743,2025-02-22,2025-03-02,delivered,,USD,26.08,5.0,130.4,web
909,ORD100909,C18254,2024-12-12,2024-12-13,delivered,credit_card,EUR,48.5,2.0,97.0,web
468,ORD100468,C26331,2025-06-10,2025-06-15,delivered,credit_card,EUR,54.79,5.0,273.95,app
181,ORD100181,C23707,2024-03-14,2024-03-20,cancelled,credit_card,EUR,27.58,3.0,82.74,app
164,ORD100164,C47615,2024-06-06,2024-06-12,delivered,paypal,EUR,37.8,3.0,113.4,web
451,ORD100451,C93231,2025-01-06,2025-01-12,shipped,credit_card,EUR,80.39,3.0,241.17,web
490,ORD100490,C93989,2024-11-29,2024-12-01,shipped,credit_card,EUR,20.6,3.0,61.8,app
2521,ORD102342,C59103,2024-03-12,2024-03-15,delivered,cash,EUR,16.63,4.0,66.52,app
1143,ORD101143,C86002,2024-12-25,2024-12-30,delivered,paypal,EUR,71.71,4.0,286.84,web
1311,ORD101311,C41322,2024-11-21,2024-11-28,delivered,paypal,USD,37.81,5.0,189.05,web
2476,ORD102476,C56929,2025-02-23,2025-03-02,delivered,credit_card,EUR,55.48,4.0,221.92,app
1111,ORD101111,C30956,2025-05-13,2025-05-16,delivered,credit_card,EUR,23.67,1.0,23.67,app
2448,ORD102448,C80033,2024-07-12,2024-07-21,shipped,credit_card,EUR,29.25,3.0,87.75,web
1387,ORD101387,C39280,2024-05-09,2024-05-14,cancelled,,EUR,16.42,3.0,49.26,web
1572,ORD101572,C76071,2025-09-01,2025-09-02,delivered,paypal,EUR,29.53,5.0,147.65,web
1812,ORD101812,C70613,2024-09-11,2024-09-18,delivered,credit_card,EUR,37.31,1.0,37.31,app
1566,ORD101566,C97142,2025-09-16,2025-09-22,delivered,credit_card,EUR,13.18,1.0,13.18,app
1602,ORD101602,C84334,2024-05-18,2024-05-26,delivered,credit_card,EUR,18.78,4.0,75.12,partner
1957,ORD101957,C57869,2024-01-29,2024-02-06,delivered,credit_card,EUR,25.59,5.0,127.95,app
1831,ORD101831,C95768,2024-07-16,2024-07-18,processing,paypal,EUR,31.51,3.0,94.53,web
2399,ORD102399,C76124,2025-03-03,2025-03-07,shipped,paypal,USD,20.23,1.0,20.23,app
327,ORD100327,C13367,2025-11-20,2025-11-21,delivered,cash,EUR,50.97,1.0,50.97,web
442,ORD100442,C21899,2025-07-11,2025-07-12,cancelled,paypal,EUR,13.23,3.0,39.69,partner
2557,ORD101993,C67510,2024-07-10,2024-07-17,delivered,credit_card,EUR,22.81,1.0,22.81,app
1700,ORD101700,C33884,2025-05-10,2025-05-18,delivered,credit_card,EUR,18.92,2.0,37.84,app
832,ORD100832,C50795,2024-06-30,2024-07-06,delivered,credit_card,EUR,17.01,5.0,85.05,app
2009,ORD102009,C66904,2025-12-07,2025-12-08,delivered,credit_card,EUR,0.0,2.0,61.6,web
1618,ORD101618,C20921,2024-05-31,2024-06-05,delivered,credit_card,EUR,20.04,1.0,20.04,web
2001,ORD102001,C15585,2025-01-25,2025-01-26,delivered,cash,EUR,26.84,4.0,107.36,partner
1385,ORD101385,C31158,2024-10-29,2024-11-07,delivered,cash,EUR,13.44,1.0,13.44,web
86,ORD100086,C18750,2024-09-27,2024-10-03,delivered,paypal,EUR,25.2,1.0,25.2,web
2509,ORD101917,C54154,2024-04-24,2024-04-29,delivered,paypal,EUR,22.61,1.0,22.61,web
777,ORD100777,C20662,2024-06-28,2024-07-01,delivered,credit_card,EUR,0.0,3.0,150.45,web
2242,ORD102242,C50732,2024-11-08,2024-11-12,shipped,paypal,EUR,34.72,1.0,34.72,web
54,ORD100054,C54800,2025-12-18,2025-12-27,delivered,paypal,EUR,31.33,3.0,93.99,app
1984,ORD101984,C67357,2024-12-08,2024-12-09,cancelled,credit_card,EUR,19.07,2.0,38.14,web
1287,ORD101287,C31107,2024-01-16,2024-01-17,delivered,cash,EUR,31.99,3.0,95.97,web
1784,ORD101784,C75452,2024-03-30,2024-04-01,cancelled,paypal,EUR,38.03,3.0,114.09,app
1666,ORD101666,C77648,2024-12-03,2024-12-08,delivered,paypal,EUR,55.96,-1.0,167.88,web
1245,ORD101245,C98697,2025-12-21,2025-12-28,shipped,credit_card,EUR,65.19,5.0,325.95,app
113,ORD100113,C51301,2025-03-12,2025-03-14,shipped,cash,EUR,21.78,4.0,87.12,web
2409,ORD102409,C12391,2025-04-01,2025-04-09,delivered,credit_card,USD,58.1,2.0,116.2,app
987,ORD100987,C38458,2025-12-01,2025-12-07,shipped,credit_card,EUR,-1.0,1.0,42.13,web
1993,ORD101993,C67510,2024-07-10,2024-07-17,delivered,credit_card,EUR,22.81,1.0,22.81,app
2528,ORD100432,C84335,2024-04-28,2024-05-07,delivered,paypal,EUR,50.32,4.0,201.28,web
1009,ORD101009,C56824,2024-09-12,2024-09-17,delivered,cash,USD,38.34,5.0,191.7,web
1198,ORD101198,C82247,2024-07-30,2024-08-06,delivered,credit_card,EUR,18.1,3.0,54.3,web
1394,ORD101394,C29406,2025-03-20,2025-03-26,processing,crypto,EUR,53.66,2.0,107.32,web
589,ORD100589,C85920,2024-12-07,2024-12-16,x_cancel,paypal,EUR,50.09,2.0,100.18,app
768,ORD100768,C22593,2024-04-08,2024-04-13,processing,credit_card,EUR,27.67,1.0,27.67,app
17,ORD100017,C21530,2025-01-19,2025-01-27,delivered,credit_card,EUR,33.66,2.0,67.32,web
1042,ORD101042,C47368,2024-03-03,2024-03-08,cancelled,paypal,EUR,22.68,5.0,113.4,web
2108,ORD102108,,2025-09-29,2025-10-08,delivered,credit_card,USD,14.72,2.0,29.44,web
285,ORD100285,C94403,2024-03-26,2024-04-03,,credit_card,USD,49.49,4.0,197.96,web
428,ORD100428,C12259,2024-05-15,2024-05-24,delivered,cash,EUR,22.33,2.0,44.66,app
2032,ORD102032,C18162,2025-05-29,2025-06-02,shipped,credit_card,USD,17.44,5.0,87.2,app
1435,ORD101435,C19170,2025-09-12,2025-09-21,delivered,credit_card,USD,30.89,3.0,92.67,web
669,ORD100669,C21889,2025-03-19,2025-03-27,shipped,paypal,EUR,18.55,1.0,18.55,app
31,ORD100031,C30451,2025-08-12,2025-08-13,shipped,cash,EUR,29.8,4.0,119.2,web
1341,ORD101341,C22313,2024-12-27,2025-01-01,shipped,cash,EUR,46.53,4.0,186.12,app
722,ORD100722,C86053,2025-07-20,2025-07-23,in_progress,credit_card,EUR,30.65,5.0,153.25,web
951,ORD100951,C37423,2024-02-10,2024-02-15,delivered,credit_card,EUR,44.51,1.0,44.51,web
1866,ORD101866,C19989,2024-05-01,2024-05-09,delivered,credit_card,EUR,45.65,3.0,136.95,partner
214,ORD100214,C76322,2025-01-05,2025-01-12,cancelled,credit_card,EUR,29.97,2.0,59.94,app
2138,ORD102138,C58531,2025-03-25,2025-03-27,delivered,paypal,EUR,12.21,1.0,12.21,web
1164,ORD101164,C56529,2025-01-10,2025-01-17,delivered,cash,EUR,14.39,5.0,71.95,app
326,ORD100326,C31280,2024-09-21,2024-09-24,delivered,paypal,EUR,31.17,4.0,124.68,web
560,ORD100560,C58285,2024-06-30,2024-07-03,delivered,cash,EUR,27.53,2.0,55.06,web
1383,ORD101383,C90728,2024-11-28,2024-11-29,delivered,paypal,EUR,23.24,4.0,92.96,web
1086,ORD101086,C82145,2024-11-26,2024-12-02,delivered,credit_card,EUR,42.45,5.0,212.25,web
1937,ORD101937,C59896,2025-11-23,2025-11-26,delivered,credit_card,EUR,19.78,1.0,19.78,app
341,ORD100341,C36182,2025-05-30,2025-06-08,delivered,credit_card,EUR,-1.0,4.0,379.28,web
147,ORD100147,C31054,2025-07-29,2025-08-03,shipped,credit_card,EUR,13.16,5.0,65.8,app
1947,ORD101947,C92515,2024-05-18,2024-05-24,delivered,paypal,EUR,21.62,2.0,43.24,app
2489,ORD102489,,2025-10-07,2025-10-13,delivered,credit_card,EUR,77.01,3.0,231.03,web
1107,ORD101107,C91638,2025-05-21,2025-05-30,delivered,credit_card,EUR,23.18,1.0,23.18,app
848,ORD100848,C83797,2024-03-30,2024-04-05,shipped,credit_card,EUR,18.88,5.0,94.4,web
966,ORD100966,C64140,2025-01-28,2025-02-01,shipped,paypal,EUR,18.37,2.0,36.74,partner
1072,ORD101072,C78086,2025-05-18,2025-05-27,delivered,credit_card,USD,26.65,3.0,79.95,app
155,ORD100155,C69571,2025-02-17,2025-02-26,processing,crypto,EUR,46.32,1.0,46.32,web
1761,ORD101761,C46822,2024-05-27,2024-06-04,cancelled,credit_card,EUR,36.24,1.0,36.24,web
2040,ORD102040,C36069,2025-03-13,2025-03-14,delivered,paypal,USD,30.02,3.0,90.06,partner
1002,ORD101002,C60247,2024-08-14,2024-08-21,delivered,credit_card,EUR,42.28,2.0,84.56,web
1952,ORD101952,C16457,2024-12-15,2024-12-16,shipped,credit_card,USD,24.47,1.0,24.47,web
2155,ORD102155,C54083,2024-05-24,2024-05-30,cancelled,paypal,USD,27.57,1.0,27.57,web
1956,ORD101956,C57576,2025-03-08,2025-03-09,delivered,credit_card,EUR,8.3,1.0,8.3,web
2274,ORD102274,C26004,2024-07-16,2024-07-19,delivered,paypal,EUR,35.98,2.0,71.96,app
2420,ORD102420,C33271,2025-12-14,2025-12-21,delivered,credit_card,EUR,15.83,4.0,63.32,app
1203,ORD101203,C78528,2025-10-24,2025-10-28,shipped,credit_card,EUR,50.15,1.0,50.15,partner
1728,ORD101728,C49994,2024-09-11,2024-09-14,delivered,paypal,EUR,28.26,1.0,28.26,web
2413,ORD102413,C64139,2025-03-19,2025-03-28,processing,credit_card,EUR,40.32,4.0,161.28,app
1474,ORD101474,C97941,2024-03-10,2024-03-17,delivered,credit_card,EUR,25.86,4.0,103.44,app
1564,ORD101564,C60123,2025-07-07,2025-07-11,delivered,credit_card,EUR,30.56,2.0,61.12,app
2257,ORD102257,C68741,2024-04-07,2024-04-08,processing,cash,EUR,25.15,2.0,50.3,app
875,ORD100875,C55407,2025-01-04,2025-01-10,delivered,credit_card,EUR,34.59,5.0,172.95,web
2308,ORD102308,C37707,2024-10-11,2024-10-16,delivered,credit_card,EUR,32.92,3.0,98.76,web
938,ORD100938,C51548,2025-11-14,2025-11-23,delivered,paypal,USD,21.38,2.0,42.76,web
2310,ORD102310,C35251,2024-05-28,2024-06-01,delivered,credit_card,EUR,67.49,1.0,67.49,web
346,ORD100346,C99223,2025-09-22,2025-09-24,delivered,paypal,EUR,20.96,2.0,41.92,app
2147,ORD102147,C94233,2024-02-28,2024-02-29,delivered,paypal,EUR,24.4,5.0,122.0,app
2544,ORD101674,C74584,2024-10-19,2024-10-20,shipped,paypal,USD,59.86,1.0,59.86,web
1502,ORD101502,C30611,2024-01-26,2024-01-31,cancelled,card,EUR,46.92,4.0,187.68,web
385,ORD100385,C21048,2024-04-22,2024-04-29,delivered,paypal,EUR,33.36,1.0,33.36,app
1673,ORD101673,C78257,2024-09-16,2024-09-25,delivered,credit_card,EUR,18.33,5.0,91.65,app
1732,ORD101732,C72953,2025-03-18,2025-03-21,shipped,cash,EUR,38.17,1.0,38.17,web
243,ORD100243,,2025-11-23,2025-12-01,shipped,credit_card,USD,36.61,5.0,183.05,app
1578,ORD101578,C20166,2024-06-29,2024-07-05,delivered,cash,EUR,25.25,2.0,50.5,app
936,ORD100936,C24212,2024-08-03,2024-08-09,delivered,credit_card,EUR,22.91,1.0,22.91,web
2210,ORD102210,C72989,2024-07-27,2024-08-02,shipped,credit_card,USD,12.3,5.0,61.5,app
312,ORD100312,C20698,2024-05-24,2024-05-30,shipped,credit_card,EUR,26.85,5.0,134.25,web
1459,ORD101459,C56447,2024-06-06,2024-06-15,delivered,paypal,EUR,37.82,3.0,113.46,web
2508,ORD101259,C82184,2025-02-13,2025-02-17,delivered,credit_card,EUR,60.66,1.0,60.66,web
1612,ORD101612,C70319,2024-04-20,2024-04-24,shipped,credit_card,EUR,38.54,5.0,192.7,app
1332,ORD101332,C48239,2025-08-13,2025-08-14,delivered,credit_card,EUR,27.82,1.0,27.82,app
968,ORD100968,C92840,2025-01-18,2025-01-21,delivered,crypto,EUR,14.41,5.0,72.05,partner
1454,ORD101454,C61492,2025-03-09,2025-03-12,delivered,paypal,EUR,11.21,1.0,11.21,app
660,ORD100660,C25904,2024-03-27,2024-04-04,processing,credit_card,EUR,-10.0,3.0,163.2,app
935,ORD100935,C94652,2025-03-19,2025-03-26,delivered,credit_card,EUR,52.7,2.0,105.4,web
370,ORD100370,C40202,2024-07-25,2024-08-03,shipped,credit_card,EUR,33.92,5.0,169.6,app
566,ORD100566,C30526,2025-08-29,2025-09-02,delivered,paypal,EUR,22.5,3.0,67.5,web
1024,ORD101024,C83968,2024-07-31,2024-08-09,delivered,paypal,EUR,30.94,5.0,154.7,app
824,ORD100824,C66097,2024-11-12,2024-11-17,shipped,credit_card,USD,39.97,2.0,79.94,app
982,ORD100982,C59232,2025-08-04,2025-08-09,cancelled,paypal,USD,11.76,1.0,11.76,web
2090,ORD102090,C89860,2025-05-22,2025-05-26,delivered,credit_card,EUR,33.2,1.0,33.2,web
2037,ORD102037,C13622,2025-06-12,2025-06-13,cancelled,paypal,EUR,33.29,5.0,166.45,web
2212,ORD102212,C64441,2025-10-10,2025-10-19,shipped,paypal,USD,64.08,3.0,192.24,web
1805,ORD101805,C14065,2025-07-17,2025-07-23,delivered,paypal,EUR,26.0,3.0,78.0,app
813,ORD100813,C35551,2024-06-13,2024-06-16,shipped,paypal,EUR,22.69,4.0,90.76,web
1430,ORD101430,C52324,2025-06-02,2025-06-03,delivered,credit_card,EUR,31.45,2.0,62.9,web
778,ORD100778,C34386,2025-12-26,2025-12-28,delivered,paypal,USD,43.17,2.0,86.34,app
1320,ORD101320,C20309,2024-04-02,2024-04-10,shipped,credit_card,EUR,23.84,4.0,95.36,web
1608,ORD101608,C31265,2025-01-09,2025-01-18,processing,credit_card,USD,47.34,3.0,142.02,app
1052,ORD101052,C55156,2025-11-17,2025-11-21,delivered,paypal,EUR,81.33,1.0,81.33,web
1917,ORD101917,C54154,2024-04-24,2024-04-29,delivered,paypal,EUR,22.61,1.0,22.61,web
1013,ORD101013,C38300,2024-04-13,2024-04-14,processing,paypal,USD,61.29,1.0,61.29,web
1401,ORD101401,C31723,2025-11-26,2025-12-05,cancelled,credit_card,USD,51.73,5.0,258.65,web
1808,ORD101808,C18085,2025-08-09,2025-08-16,processing,credit_card,EUR,24.4,4.0,97.6,web
2134,ORD102134,C49633,2024-03-14,2024-03-17,shipped,credit_card,EUR,35.14,5.0,175.7,web
1855,ORD101855,C86673,2025-08-25,2025-09-01,shipped,credit_card,EUR,51.07,2.0,102.14,app
126,ORD100126,C17127,2025-12-16,2025-12-21,delivered,credit_card,USD,79.9,3.0,239.7,web
887,ORD100887,C27373,2025-06-22,2025-06-29,processing,credit_card,EUR,39.14,4.0,156.56,web
2103,ORD102103,C21642,2025-07-07,2025-07-10,shipped,credit_card,EUR,68.29,5.0,341.45,web
1347,ORD101347,C73078,2024-09-19,2024-09-27,shipped,paypal,EUR,38.86,4.0,155.44,web
1007,ORD101007,C55326,2025-08-16,2025-08-24,cancelled,cash,EUR,23.45,3.0,70.35,web
355,ORD100355,C99312,2024-02-26,2024-02-27,,cash,EUR,13.21,2.0,26.42,web
1003,ORD101003,C89775,2024-05-27,2024-05-28,shipped,apple_pay,EUR,63.29,2.0,126.58,web
1483,ORD101483,C20086,2025-05-07,2025-05-10,delivered,paypal,USD,39.09,4.0,156.36,web
682,ORD100682,C96393,2025-06-29,2025-07-05,delivered,credit_card,EUR,19.92,-1.0,19.92,web
827,ORD100827,C90732,2024-06-03,2024-06-11,cancelled,credit_card,EUR,34.81,5.0,174.05,app
1576,ORD101576,C59335,2025-12-17,2025-12-25,shipped,card,USD,35.17,2.0,70.34,web
984,ORD100984,C62842,2024-10-24,2024-10-31,shipped,paypal,EUR,16.05,2.0,32.1,web
1233,ORD101233,C77497,2025-11-12,2025-11-16,delivered,credit_card,EUR,34.31,1.0,34.31,web
2184,ORD102184,C67041,2025-01-12,2025-01-21,processing,credit_card,EUR,27.26,3.0,81.78,app
140,ORD100140,C98445,2024-06-24,2024-06-25,shipped,paypal,EUR,26.51,1.0,26.51,web
217,ORD100217,C18675,2025-05-19,2025-05-25,processing,credit_card,USD,44.59,4.0,178.36,web
2110,ORD102110,C35299,2024-03-08,2024-03-14,cancelled,cash,USD,30.59,5.0,152.95,web
2467,ORD102467,C71156,2024-09-04,2024-09-05,delivered,credit_card,EUR,44.92,2.0,89.84,app
2283,ORD102283,C80870,2025-07-06,2025-07-13,delivered,credit_card,EUR,110.56,5.0,552.8,web
2348,ORD102348,C28131,2024-04-21,2024-04-28,delivered,,EUR,25.22,4.0,100.88,web
1537,ORD101537,C19956,2025-03-25,2025-03-26,cancelled,credit_card,EUR,24.91,2.0,49.82,web
22,ORD100022,C26429,2024-06-02,2024-06-05,delivered,cash,EUR,43.29,1.0,43.29,web
711,ORD100711,C57036,2024-07-20,2024-07-21,shipped,credit_card,USD,34.41,,34.41,partner
1157,ORD101157,C86523,2025-11-04,2025-11-08,delivered,credit_card,EUR,35.53,2.0,71.06,app
1553,ORD101553,C65720,2025-08-15,2025-08-18,delivered,credit_card,EUR,33.39,2.0,66.78,web
871,ORD100871,C28160,2024-06-23,2024-06-26,delivered,credit_card,EUR,-10.0,5.0,169.6,app
1545,ORD101545,C63116,2024-01-11,2024-01-14,delivered,paypal,EUR,15.35,3.0,46.05,app
10,ORD100010,,2024-05-25,2024-06-02,delivered,credit_card,EUR,12.0,4.0,48.0,web
1842,ORD101842,C83483,2024-12-07,2024-12-11,delivered,paypal,USD,25.83,2.0,51.66,web
2424,ORD102424,C41367,2024-08-29,2024-08-30,delivered,paypal,EUR,44.81,5.0,224.05,app
1793,ORD101793,C35029,2024-03-09,2024-03-10,delivered,credit_card,EUR,26.57,3.0,79.71,web
1315,ORD101315,C36904,2024-02-22,2024-02-24,delivered,credit_card,EUR,34.47,5.0,172.35,app
754,ORD100754,C59950,2024-06-21,2024-06-24,delivered,credit_card,EUR,17.58,2.0,35.16,partner
626,ORD100626,C40440,2025-08-31,2025-09-03,delivered,paypal,EUR,23.25,4.0,93.0,web
2078,ORD102078,,2024-07-20,2024-07-29,delivered,credit_card,EUR,14.56,3.0,43.68,web
1730,ORD101730,C80080,2024-02-23,2024-02-29,processing,paypal,EUR,29.66,3.0,88.98,web
129,ORD100129,C67124,2024-01-29,2024-02-07,delivered,cash,USD,64.31,3.0,192.93,web
843,ORD100843,C13254,2025-03-28,2025-04-06,delivered,credit_card,EUR,58.55,2.0,117.1,app
323,ORD100323,C92440,2025-12-14,2025-12-22,processing,credit_card,EUR,33.24,2.0,66.48,app
1791,ORD101791,C89292,2025-11-10,2025-11-12,delivered,credit_card,USD,56.73,2.0,113.46,app
1532,ORD101532,C93959,2024-07-15,2024-07-17,shipped,paypal,EUR,58.92,1.0,58.92,app
1284,ORD101284,C44363,2025-12-20,2025-12-21,delivered,paypal,EUR,52.57,1.0,52.57,web
2490,ORD102490,C40802,2025-04-19,2025-04-20,delivered,cash,EUR,24.89,4.0,99.56,web
14,ORD100014,,2024-03-16,2024-03-23,delivered,credit_card,EUR,21.66,1.0,21.66,app
947,ORD100947,C22068,2025-02-15,2025-02-22,shipped,paypal,EUR,38.95,1.0,38.95,app
215,ORD100215,C34501,2024-12-04,2024-12-05,delivered,credit_card,EUR,48.29,1.0,48.29,app
1720,ORD101720,C17989,2024-03-22,2024-03-23,delivered,credit_card,USD,38.53,2.0,77.06,web
2048,ORD102048,C77585,2025-01-18,2025-01-19,shipped,credit_card,EUR,64.34,2.0,128.68,web
1182,ORD101182,C72171,2024-06-06,2024-06-09,delivered,paypal,EUR,26.63,1.0,26.63,app
1988,ORD101988,C28957,2025-04-30,2025-05-02,delivered,credit_card,USD,16.47,2.0,32.94,app
1653,ORD101653,C63613,2025-12-14,2025-12-20,delivered,credit_card,USD,64.37,3.0,193.11,web
864,ORD100864,C86150,2024-04-27,2024-04-29,delivered,paypal,EUR,143.03,4.0,572.12,app
516,ORD100516,C89346,2025-01-24,2025-01-29,processing,credit_card,EUR,32.46,4.0,129.84,web
597,ORD100597,C80152,2024-08-17,2024-08-20,delivered,credit_card,EUR,30.62,1.0,30.62,web
195,ORD100195,C17888,2024-09-27,2024-10-01,delivered,cash,EUR,28.68,1.0,28.68,web
1277,ORD101277,C79634,,2025-09-20,delivered,paypal,EUR,29.9,5.0,149.5,web
288,ORD100288,C58801,2024-01-04,2024-01-09,processing,credit_card,EUR,16.06,3.0,48.18,web
950,ORD100950,C18406,2024-12-12,2024-12-21,shipped,credit_card,USD,36.11,4.0,144.44,app
2418,ORD102418,C35955,2025-09-09,2025-09-13,processing,credit_card,EUR,17.98,5.0,89.9,app
1929,ORD101929,C95701,2025-11-05,2025-11-08,delivered,cash,USD,33.45,2.0,66.9,web
2511,ORD101099,C49039,2025-03-30,2025-04-01,delivered,credit_card,EUR,41.86,5.0,209.3,app
1120,ORD101120,C11251,2025-12-29,2026-01-04,shipped,credit_card,USD,60.02,5.0,300.1,app
2288,ORD102288,C94282,2024-08-11,2024-08-12,delivered,credit_card,EUR,27.35,4.0,109.4,web
549,ORD100549,C71263,2025-06-01,2025-06-05,delivered,credit_card,EUR,41.88,1.0,41.88,web
156,ORD100156,C21365,2024-02-12,2024-02-17,delivered,credit_card,EUR,43.78,4.0,175.12,web
419,ORD100419,C55569,2024-10-03,2024-10-07,shipped,credit_card,EUR,28.81,4.0,115.24,web
922,ORD100922,C50188,2025-03-15,2025-03-22,shipped,paypal,EUR,22.06,1.0,22.06,web
1737,ORD101737,C18987,2024-03-20,2024-03-27,cancelled,credit_card,EUR,75.27,3.0,225.81,web
477,ORD100477,C11605,2025-10-17,2025-10-26,shipped,credit_card,USD,30.43,1.0,30.43,web
1701,,C26059,2025-06-30,2025-07-03,cancelled,paypal,USD,23.78,1.0,23.78,app
1745,ORD101745,C98129,2024-07-23,2024-07-31,delivered,credit_card,EUR,28.52,3.0,85.56,web
1523,ORD101523,C23540,2024-07-28,2024-08-06,processing,credit_card,EUR,16.46,1.0,16.46,web
1471,ORD101471,C72836,2025-11-08,2025-11-09,delivered,paypal,EUR,25.79,1.0,25.79,web
553,ORD100553,C38618,2024-09-18,2024-09-21,shipped,credit_card,EUR,45.41,1.0,45.41,web
1202,ORD101202,C98628,2024-07-01,2024-07-02,delivered,credit_card,EUR,9.23,1.0,9.23,app
390,ORD100390,C77205,2024-04-18,2024-04-21,delivered,credit_card,EUR,46.87,3.0,140.61,web
578,ORD100578,C90418,2024-05-30,2024-06-06,shipped,cash,USD,23.49,3.0,70.47,web
2380,ORD102380,C26160,2024-10-04,2024-10-11,delivered,credit_card,EUR,24.46,4.0,97.84,app
1739,ORD101739,C28395,2024-06-24,2024-06-26,shipped,credit_card,USD,22.25,1.0,22.25,web
2332,ORD102332,C34156,2024-10-11,2024-10-15,shipped,credit_card,EUR,29.4,2.0,58.8,web
820,ORD100820,C12156,2024-03-03,2024-03-12,delivered,paypal,EUR,30.89,4.0,123.56,app
2459,ORD102459,C15353,2025-11-21,2025-11-25,shipped,paypal,EUR,18.79,1.0,18.79,web
1006,ORD101006,C86519,2025-09-03,2025-09-06,delivered,paypal,EUR,47.75,2.0,95.5,app
1248,ORD101248,C39273,2025-11-03,2025-11-05,delivered,paypal,EUR,27.45,4.0,109.8,web
1731,ORD101731,C91356,2025-11-09,2025-11-18,delivered,credit_card,EUR,31.12,3.0,93.36,app
664,ORD100664,C63769,2024-04-03,2024-04-04,shipped,credit_card,EUR,21.42,3.0,64.26,app
2279,ORD102279,C70503,2024-02-22,2024-03-01,shipped,paypal,USD,49.14,2.0,98.28,app
142,ORD100142,C34889,2024-05-28,2024-05-30,delivered,credit_card,EUR,21.14,4.0,84.56,web
2239,ORD102239,C89635,2025-01-16,2025-01-21,shipped,paypal,EUR,21.85,3.0,65.55,web
2379,ORD102379,C68817,2025-07-06,2025-07-09,delivered,credit_card,EUR,32.76,1.0,32.76,web
421,ORD100421,C72482,2025-07-17,2025-07-25,delivered,credit_card,EUR,24.71,1.0,24.71,web
799,ORD100799,C49807,2025-08-09,2025-08-10,delivered,credit_card,EUR,16.7,5.0,83.5,app
2031,ORD102031,C25951,2024-04-02,2024-04-07,delivered,credit_card,EUR,29.67,3.0,89.01,web
615,ORD100615,,2024-12-29,2025-01-06,shipped,credit_card,USD,23.91,2.0,47.82,web
1318,ORD101318,C50407,2025-04-03,2025-04-09,shipped,credit_card,EUR,20.82,2.0,41.64,web
295,ORD100295,C56859,2025-10-31,2025-11-03,delivered,credit_card,EUR,19.13,2.0,38.26,web
401,ORD100401,C79965,2025-08-08,2025-08-14,processing,credit_card,EUR,28.97,3.0,86.91,app
88,ORD100088,C79105,2025-12-10,2025-12-17,delivered,cash,EUR,37.64,4.0,150.56,partner
2106,ORD102106,C78929,2024-06-24,2024-06-26,cancelled,paypal,EUR,64.76,2.0,129.52,app
2529,ORD100438,C17278,2025-10-21,2025-10-26,delivered,cash,EUR,68.06,2.0,136.12,web
131,ORD100131,C59821,,2025-05-17,delivered,credit_card,EUR,15.45,5.0,77.25,web
1665,ORD101665,C45654,2025-05-12,2025-05-19,delivered,paypal,EUR,29.31,5.0,146.55,app
1743,ORD101743,C12082,2024-01-24,2024-02-01,delivered,credit_card,EUR,23.05,0.0,115.25,web
1765,ORD101765,C94183,2025-12-25,2025-12-26,delivered,paypal,EUR,19.18,1.0,19.18,web
1402,ORD101402,C36972,2025-01-07,2025-01-11,shipped,credit_card,EUR,22.57,1.0,22.57,app
2114,ORD102114,C76738,2025-02-13,2025-02-19,delivered,paypal,EUR,87.98,5.0,439.9,web
2231,ORD102231,C16267,2025-05-15,2025-05-16,processing,credit_card,EUR,25.66,3.0,76.98,app
1188,ORD101188,C60986,2025-12-07,2025-12-11,shipped,paypal,EUR,30.72,2.0,61.44,web
724,ORD100724,C80735,2025-03-20,2025-03-22,delivered,paypal,EUR,27.31,1.0,27.31,web
1314,ORD101314,C91227,2024-10-06,2024-10-11,delivered,paypal,USD,16.2,5.0,81.0,app
1869,ORD101869,C79510,2025-01-19,2025-01-24,delivered,credit_card,EUR,42.86,3.0,128.58,web
269,ORD100269,C63181,2025-12-01,2025-12-03,processing,credit_card,EUR,18.41,2.0,36.82,web
1882,ORD101882,C26004,2024-09-15,2024-09-21,delivered,credit_card,EUR,38.87,5.0,194.35,web
2130,ORD102130,C74618,2024-04-18,2024-04-20,delivered,credit_card,EUR,20.05,5.0,100.25,web
1372,ORD101372,C50473,2025-09-24,2025-09-28,delivered,cash,EUR,27.7,4.0,110.8,web
2232,ORD102232,C94459,2025-07-11,2025-07-12,,credit_card,USD,30.88,5.0,154.4,web
917,ORD100917,C80566,2025-10-02,2025-10-10,shipped,paypal,USD,14.47,3.0,43.41,web
1706,ORD101706,C98516,2025-10-24,2025-10-30,delivered,credit_card,EUR,26.61,1.0,26.61,partner
1319,ORD101319,C45724,2025-10-14,2025-10-17,cancelled,paypal,USD,55.17,4.0,220.68,web
2202,ORD102202,C13525,2025-02-01,2025-02-08,delivered,credit_card,USD,35.45,5.0,177.25,web
2553,ORD101531,C10833,2025-01-16,2025-01-21,delivered,cash,USD,44.67,4.0,178.68,app
587,ORD100587,C18920,2024-05-08,2024-05-17,delivered,credit_card,EUR,9.62,1.0,9.62,web
1830,ORD101830,C41935,2024-05-15,2024-05-16,delivered,credit_card,EUR,29.12,2.0,58.24,app
2560,ORD100532,C24027,2025-02-15,2025-02-16,delivered,credit_card,EUR,56.23,5.0,281.15,web
375,ORD100375,C18501,2025-01-12,2025-01-15,delivered,paypal,EUR,31.62,5.0,158.1,web
333,ORD100333,C84680,2025-02-02,2025-02-10,cancelled,credit_card,EUR,26.96,1.0,26.96,app
1894,ORD101894,C22068,2025-01-06,2025-01-07,delivered,credit_card,EUR,84.15,1.0,84.15,app
2416,ORD102416,C65725,2024-03-17,2024-03-20,shipped,credit_card,EUR,40.78,1.0,40.78,app
1604,ORD101604,C21175,2024-02-26,2024-03-01,processing,paypal,EUR,51.49,5.0,257.45,web
1118,ORD101118,C75091,2024-11-14,2024-11-23,delivered,cash,EUR,12.74,2.0,25.48,app
1442,ORD101442,C94117,2025-11-09,2025-11-11,delivered,paypal,EUR,41.2,2.0,82.4,web
1641,ORD101641,C14546,2025-09-20,2025-09-25,delivered,paypal,USD,12.93,5.0,64.65,web
910,ORD100910,C79322,2024-02-21,2024-02-25,shipped,cash,EUR,28.89,5.0,144.45,app
776,ORD100776,C48141,2024-02-22,2024-02-25,delivered,paypal,EUR,18.17,4.0,72.68,app
1845,ORD101845,C65507,2025-01-02,2025-01-04,processing,credit_card,EUR,37.09,1.0,37.09,web
328,ORD100328,C22713,2025-04-02,2025-04-05,cancelled,credit_card,USD,25.06,5.0,125.3,web
1342,ORD101342,C20740,2025-02-13,2025-02-21,shipped,cash,EUR,29.49,4.0,117.96,web
320,ORD100320,C38860,2025-01-30,2025-02-02,delivered,credit_card,EUR,18.88,3.0,56.64,app
1619,ORD101619,C99258,2024-02-07,2024-02-11,delivered,credit_card,USD,48.81,4.0,195.24,app
2094,ORD102094,C24616,2025-03-26,2025-04-02,delivered,paypal,EUR,46.83,3.0,140.49,web
12,ORD100012,C76216,2025-12-04,2025-12-12,delivered,credit_card,EUR,26.96,3.0,80.88,app
897,ORD100897,C14904,2025-12-03,2025-12-08,delivered,paypal,EUR,20.19,3.0,60.57,app
171,ORD100171,C18104,2025-09-17,2025-09-19,x_cancel,paypal,EUR,39.82,3.0,119.46,app
260,ORD100260,C81412,2024-04-07,2024-04-16,shipped,paypal,EUR,38.79,4.0,155.16,web
1971,ORD101971,C92859,2025-10-02,2025-10-06,delivered,credit_card,EUR,65.7,1.0,65.7,app
689,ORD100689,C80435,2025-09-01,2025-09-02,delivered,cash,USD,50.29,5.0,251.45,web
901,ORD100901,C13811,2025-11-01,2025-11-09,cancelled,credit_card,EUR,21.27,2.0,42.54,app
258,ORD100258,C25766,2024-09-20,2024-09-26,shipped,credit_card,EUR,13.52,1.0,13.52,web
844,ORD100844,C10492,2025-01-28,2025-02-03,delivered,credit_card,USD,25.51,1.0,25.51,app
2369,ORD102369,C25781,2025-05-24,2025-05-28,shipped,cash,USD,26.95,4.0,107.8,web
138,ORD100138,C41274,2024-04-20,2024-04-22,cancelled,credit_card,EUR,55.51,5.0,277.55,web
1573,ORD101573,C83183,2025-11-19,2025-11-25,delivered,paypal,EUR,15.09,5.0,75.45,web
319,ORD100319,C79177,2025-06-01,2025-06-04,processing,credit_card,EUR,12.45,2.0,24.9,web
653,ORD100653,C82394,2025-08-02,2025-08-07,delivered,credit_card,USD,17.2,5.0,86.0,web
2005,ORD102005,C21612,2024-10-03,2024-10-06,delivered,credit_card,EUR,19.63,1.0,19.63,app
1918,ORD101918,C50640,2025-06-05,2025-06-12,delivered,credit_card,EUR,34.59,1.0,34.59,app
558,ORD100558,C81337,2024-10-11,2024-10-15,delivered,card,EUR,25.05,4.0,100.2,web
139,ORD100139,C49304,2025-09-14,2025-09-22,delivered,paypal,EUR,16.17,2.0,32.34,web
112,ORD100112,C60007,2024-05-12,2024-05-18,delivered,paypal,EUR,33.69,5.0,168.45,app
531,ORD100531,C24897,2024-07-18,2024-07-23,in_progress,paypal,EUR,41.73,4.0,166.92,web
224,ORD100224,C74944,2025-07-31,2025-08-04,delivered,credit_card,USD,42.44,3.0,127.32,app
723,ORD100723,C20775,2025-07-21,2025-07-29,shipped,cash,USD,16.8,3.0,50.4,web
2387,ORD102387,C97802,2025-01-29,2025-02-01,shipped,credit_card,EUR,26.52,5.0,132.6,web
2328,ORD102328,C12371,2025-11-02,2025-11-10,shipped,credit_card,EUR,31.33,4.0,125.32,app
1433,ORD101433,C60594,2025-06-17,2025-06-23,delivered,cash,USD,18.08,5.0,90.4,web
325,ORD100325,C30719,2025-09-07,2025-09-10,shipped,credit_card,EUR,44.19,1.0,44.19,web
1323,ORD101323,C89789,2024-05-10,2024-05-13,delivered,credit_card,EUR,29.01,3.0,87.03,app
2071,ORD102071,C68235,2024-03-09,2024-03-10,cancelled,credit_card,EUR,32.4,4.0,129.6,app
1458,ORD101458,C33745,2024-03-12,2024-03-18,delivered,credit_card,EUR,0.0,5.0,135.2,web
1780,ORD101780,C14208,2024-12-16,2024-12-18,delivered,credit_card,USD,43.21,3.0,129.63,app
2314,ORD102314,C30402,,2025-07-08,delivered,credit_card,USD,16.02,1.0,16.02,web
714,ORD100714,C92809,2025-02-14,2025-02-23,delivered,credit_card,EUR,20.21,1.0,20.21,web
846,ORD100846,C24069,2025-03-16,2025-03-20,shipped,cash,EUR,42.08,2.0,84.16,web
193,ORD100193,C42562,2024-11-06,2024-11-15,processing,paypal,EUR,41.55,3.0,124.65,app
2036,ORD102036,C62528,2024-02-29,2024-03-01,shipped,credit_card,USD,30.1,1.0,30.1,app
573,ORD100573,C14432,2025-07-25,2025-07-29,shipped,cash,EUR,66.42,3.0,199.26,web
946,ORD100946,C97605,2024-08-22,2024-08-29,shipped,credit_card,EUR,32.44,4.0,129.76,partner
503,,C88073,2025-12-03,2025-12-05,shipped,paypal,EUR,22.96,4.0,91.84,app
1629,ORD101629,C21421,2024-11-05,2024-11-12,processing,paypal,EUR,18.82,4.0,75.28,web
1911,ORD101911,C89918,2025-03-05,2025-03-07,delivered,paypal,EUR,33.23,2.0,66.46,app
2537,ORD101187,C63862,2025-11-18,2025-11-27,processing,credit_card,EUR,30.65,2.0,61.3,web
645,ORD100645,C39552,2025-02-07,2025-02-16,shipped,credit_card,EUR,28.05,4.0,112.2,app
3,ORD100003,C49498,2024-03-19,2024-03-20,cancelled,credit_card,EUR,23.64,2.0,47.28,web
1879,ORD101879,C19035,2025-11-10,2025-11-19,delivered,credit_card,EUR,14.73,1.0,14.73,app
467,ORD100467,C63643,2024-06-15,2024-06-22,delivered,credit_card,USD,33.04,3.0,99.12,web
1345,ORD101345,C99781,2024-12-14,2024-12-21,delivered,paypal,EUR,21.31,3.0,63.93,web
5,ORD100005,C87272,2024-03-25,2024-04-01,delivered,credit_card,EUR,26.88,2.0,53.76,web
1246,ORD101246,C87383,2024-11-24,2024-11-29,delivered,cash,EUR,27.6,1.0,27.6,app
919,ORD100919,C67276,2024-07-26,2024-08-01,cancelled,apple_pay,EUR,16.38,2.0,32.76,web
547,ORD100547,C63202,2025-07-09,2025-07-13,shipped,paypal,USD,56.04,1.0,56.04,web
228,,C59221,2025-02-28,2025-03-07,delivered,credit_card,EUR,31.27,2.0,62.54,web
1063,ORD101063,C73485,2025-08-05,2025-08-11,delivered,credit_card,EUR,18.88,2.0,37.76,web
542,ORD100542,C27533,2024-08-27,2024-09-02,shipped,credit_card,USD,21.61,3.0,64.83,web
242,ORD100242,C18522,2025-01-09,2025-01-15,delivered,credit_card,USD,27.2,4.0,108.8,web
898,ORD100898,C16318,2024-01-06,2024-01-13,shipped,credit_card,USD,23.91,2.0,47.82,app
2086,ORD102086,C75975,2024-06-05,2024-06-13,delivered,paypal,EUR,30.09,5.0,150.45,app
1160,ORD101160,C62461,2025-02-11,2025-02-19,delivered,paypal,EUR,32.54,4.0,130.16,web
1939,ORD101939,C28694,2024-08-18,2024-08-27,delivered,credit_card,EUR,39.74,4.0,158.96,web
2133,ORD102133,C45970,2024-05-07,2024-05-14,delivered,credit_card,EUR,95.88,4.0,383.52,web
2153,ORD102153,C59008,2024-06-01,2024-06-08,delivered,credit_card,EUR,34.26,2.0,68.52,web
1786,ORD101786,C27837,2025-06-06,2025-06-11,processing,credit_card,USD,15.51,1.0,15.51,web
1913,ORD101913,C79961,2025-06-08,2025-06-16,delivered,paypal,USD,15.87,5.0,79.35,app
842,ORD100842,C91848,2024-03-13,2024-03-21,delivered,credit_card,EUR,12.59,3.0,37.77,web
1373,ORD101373,C47833,2024-12-13,2024-12-19,delivered,paypal,EUR,37.14,5.0,185.7,app
2170,ORD102170,C11881,2024-03-11,2024-03-20,delivered,credit_card,EUR,65.38,1.0,65.38,app
1887,ORD101887,C47220,2024-02-13,2024-02-17,delivered,credit_card,USD,30.61,3.0,91.83,app
1526,ORD101526,C38711,2024-06-02,2024-06-11,shipped,credit_card,EUR,33.54,1.0,33.54,web
1605,ORD101605,C90100,2024-11-26,2024-11-29,delivered,credit_card,EUR,25.03,1.0,25.03,app
276,ORD100276,C52039,2025-01-16,2025-01-23,shipped,credit_card,EUR,13.25,2.0,26.5,web
661,ORD100661,C76139,2025-10-12,2025-10-20,processing,credit_card,EUR,50.53,3.0,151.59,app
2163,ORD102163,C92139,2024-10-02,2024-10-11,x_cancel,paypal,USD,22.56,1.0,22.56,web
2179,ORD102179,C51080,2024-02-20,2024-02-21,cancelled,credit_card,EUR,21.67,1.0,21.67,web
2425,ORD102425,C60509,2024-03-07,2024-03-16,delivered,credit_card,USD,91.91,2.0,183.82,app
1966,ORD101966,C43378,2025-08-07,2025-08-13,delivered,credit_card,EUR,103.18,3.0,309.54,web
314,ORD100314,C31948,2024-05-26,2024-06-02,delivered,credit_card,EUR,32.0,1.0,32.0,web
1466,ORD101466,C67200,2025-07-28,2025-08-06,delivered,credit_card,EUR,25.76,2.0,51.52,web
1343,ORD101343,C61737,2024-08-07,2024-08-15,shipped,credit_card,EUR,19.75,3.0,59.25,app
1953,ORD101953,C51850,2025-05-30,2025-06-03,shipped,paypal,EUR,21.78,3.0,65.34,partner
691,ORD100691,C81559,2025-05-13,2025-05-17,delivered,credit_card,USD,37.69,1.0,37.69,web
1541,ORD101541,C31747,2025-04-21,2025-04-24,shipped,credit_card,EUR,37.64,3.0,112.92,web
612,ORD100612,C80571,2024-02-13,2024-02-14,shipped,credit_card,USD,22.66,4.0,90.64,web
424,ORD100424,C47532,2024-11-05,2024-11-06,delivered,cash,USD,37.52,1.0,37.52,web
1577,ORD101577,C81928,2025-03-15,2025-03-18,delivered,paypal,EUR,19.07,4.0,76.28,partner
594,ORD100594,C38862,2025-10-27,2025-10-30,delivered,credit_card,EUR,32.23,2.0,64.46,web
2545,ORD100374,C89765,2024-10-07,2024-10-13,delivered,paypal,EUR,24.02,4.0,96.08,app
1392,ORD101392,C98558,2024-11-14,2024-11-22,delivered,credit_card,EUR,148.33,1.0,148.33,app
622,,C24860,2024-12-10,2024-12-19,delivered,paypal,EUR,27.15,3.0,81.45,web
1908,ORD101908,C13289,2024-07-09,2024-07-13,cancelled,cash,EUR,32.25,2.0,64.5,web
1493,ORD101493,C39978,2024-07-27,2024-08-03,delivered,credit_card,EUR,33.54,2.0,67.08,app
1721,ORD101721,C76753,2025-01-14,2025-01-16,delivered,credit_card,EUR,45.93,3.0,137.79,app
227,ORD100227,C62129,2024-01-30,2024-02-03,delivered,credit_card,EUR,29.03,1.0,29.03,app
1832,ORD101832,C62973,2025-09-21,2025-09-28,delivered,credit_card,EUR,29.73,2.0,59.46,web
1169,ORD101169,C92559,2024-06-07,2024-06-16,delivered,paypal,USD,38.32,4.0,153.28,web
108,ORD100108,C52440,2025-01-19,2025-01-27,shipped,credit_card,EUR,10.67,4.0,42.68,app
1801,ORD101801,C52157,2025-04-24,2025-05-01,shipped,paypal,EUR,29.34,3.0,88.02,app
66,ORD100066,C91497,2025-08-08,2025-08-09,delivered,paypal,EUR,14.87,2.0,29.74,web
1417,ORD101417,C49454,2025-09-13,2025-09-14,delivered,credit_card,EUR,39.48,3.0,118.44,app
2320,ORD102320,C18894,2025-01-29,2025-02-02,shipped,credit_card,USD,13.44,1.0,13.44,web
24,ORD100024,C80340,2024-02-15,2024-02-16,processing,paypal,EUR,12.26,4.0,49.04,app
1235,ORD101235,C41184,2024-05-29,2024-05-30,processing,credit_card,EUR,33.4,3.0,100.2,web
2131,ORD102131,C97850,2024-07-29,2024-08-02,delivered,paypal,USD,51.67,1.0,51.67,app
144,ORD100144,C99338,2024-11-26,2024-12-04,delivered,credit_card,EUR,37.4,4.0,149.6,app
536,ORD100536,C51008,2025-08-09,2025-08-14,shipped,credit_card,EUR,-1.0,5.0,222.9,web
811,ORD100811,C89127,2024-10-20,2024-10-23,processing,credit_card,EUR,40.06,3.0,120.18,web
1836,ORD101836,C94714,2025-07-07,2025-07-11,delivered,credit_card,EUR,14.84,2.0,29.68,app
1497,ORD101497,C80251,2025-09-10,2025-09-18,delivered,credit_card,EUR,12.78,1.0,12.78,web
85,ORD100085,C73023,2025-02-09,2025-02-14,delivered,credit_card,EUR,38.43,5.0,192.15,web
1254,ORD101254,C68484,2024-01-28,2024-02-05,delivered,cash,EUR,78.46,4.0,313.84,partner
2128,ORD102128,C15771,2025-07-11,2025-07-20,delivered,cash,USD,31.03,2.0,62.06,partner
2107,ORD102107,C22478,2024-12-21,2024-12-24,delivered,credit_card,EUR,13.88,4.0,55.52,web
1926,ORD101926,C42374,2024-07-07,2024-07-12,delivered,credit_card,EUR,20.11,1.0,20.11,web
1766,ORD101766,C55384,2024-09-13,2024-09-20,delivered,paypal,EUR,76.82,2.0,153.64,web
484,ORD100484,C51670,2025-06-10,2025-06-14,delivered,card,EUR,49.65,1.0,49.65,web
1654,ORD101654,C24063,2024-06-14,2024-06-23,delivered,credit_card,EUR,-1.0,4.0,60.88,web
2291,ORD102291,C38938,2025-12-25,2026-01-01,delivered,credit_card,EUR,39.49,1.0,39.49,web
2468,ORD102468,C12428,2024-01-28,2024-01-29,delivered,paypal,EUR,32.23,2.0,64.46,app
738,ORD100738,C76440,2025-10-07,2025-10-16,delivered,cash,EUR,51.75,5.0,258.75,app
1872,ORD101872,C64302,2024-06-14,2024-06-22,delivered,credit_card,EUR,78.89,4.0,315.56,web
2518,ORD100013,C78501,2025-07-05,2025-07-14,delivered,paypal,EUR,34.33,1.0,34.33,web
2531,ORD102416,C65725,2024-03-17,2024-03-20,shipped,credit_card,EUR,40.78,1.0,40.78,app
1844,ORD101844,C76865,2024-09-30,2024-10-07,shipped,paypal,EUR,18.35,3.0,55.05,app
362,ORD100362,C30107,2025-09-02,2025-09-03,delivered,credit_card,EUR,28.75,5.0,143.75,web
749,ORD100749,C24184,2024-10-15,2024-10-18,delivered,cash,EUR,16.6,4.0,66.4,web
2381,ORD102381,C50385,2025-12-30,2026-01-07,delivered,credit_card,EUR,22.68,3.0,68.04,web
1646,ORD101646,C40914,2024-10-29,2024-11-06,delivered,credit_card,EUR,49.4,4.0,197.6,web
1026,ORD101026,C16987,2024-04-07,2024-04-14,delivered,credit_card,USD,16.15,4.0,64.6,web
1030,ORD101030,C53879,2024-10-05,2024-10-14,delivered,credit_card,EUR,52.65,2.0,105.3,web
1977,ORD101977,C40815,2024-09-26,2024-09-28,delivered,credit_card,EUR,13.85,2.0,27.7,partner
1335,ORD101335,C99885,2025-06-13,2025-06-18,delivered,credit_card,EUR,40.16,4.0,160.64,web
2121,ORD102121,C95762,2025-12-28,2025-12-31,processing,credit_card,EUR,25.13,4.0,100.52,app
2285,ORD102285,C84889,2024-09-19,2024-09-26,cancelled,cash,EUR,6.77,2.0,13.54,web
665,ORD100665,C72531,2024-10-20,2024-10-22,shipped,paypal,EUR,12.06,5.0,60.3,app
364,ORD100364,C20438,2024-03-04,2024-03-07,delivered,cash,EUR,16.91,,84.55,web
2263,ORD102263,C56480,2024-06-22,2024-06-28,delivered,credit_card,EUR,38.23,1.0,38.23,partner
1239,ORD101239,C13685,2025-08-31,2025-09-04,delivered,credit_card,EUR,19.66,2.0,39.32,web
77,ORD100077,C30421,2024-11-25,2024-11-27,cancelled,credit_card,EUR,57.87,3.0,173.61,web
27,ORD100027,C84047,2025-11-24,2025-11-27,processing,crypto,EUR,40.04,4.0,160.16,web
473,ORD100473,C52063,2025-12-18,2025-12-21,processing,credit_card,EUR,28.24,4.0,112.96,web
525,ORD100525,C37929,2025-04-03,2025-04-10,delivered,cash,EUR,32.71,2.0,65.42,app
725,ORD100725,C20539,2025-07-18,2025-07-21,cancelled,cash,EUR,40.2,5.0,201.0,web
55,ORD100055,C13942,2024-03-16,2024-03-24,shipped,credit_card,USD,28.25,1.0,28.25,web
638,ORD100638,C81346,2024-12-08,2024-12-12,shipped,credit_card,EUR,32.18,3.0,96.54,web
302,ORD100302,C10892,2025-12-24,2025-12-27,delivered,paypal,EUR,32.08,1.0,32.08,web
718,ORD100718,C31213,2025-12-21,2025-12-24,delivered,credit_card,EUR,52.6,5.0,263.0,partner
2236,ORD102236,C32449,2024-02-14,2024-02-21,shipped,credit_card,EUR,20.51,4.0,82.04,app
1980,ORD101980,C69179,2024-12-07,2024-12-16,delivered,cash,USD,17.17,2.0,34.34,app
624,ORD100624,C64375,2024-11-18,2024-11-20,delivered,credit_card,USD,21.11,1.0,21.11,app
7,ORD100007,C72762,2025-03-28,2025-04-04,processing,paypal,USD,16.88,4.0,67.52,app
1280,ORD101280,C76587,2024-02-11,2024-02-12,delivered,paypal,EUR,0.0,2.0,68.66,web
803,ORD100803,C92658,2024-07-19,2024-07-27,processing,credit_card,EUR,24.86,1.0,24.86,web
1049,ORD101049,C20770,2025-04-11,2025-04-12,cancelled,credit_card,EUR,50.83,4.0,203.32,app
336,ORD100336,C96688,2025-12-06,2025-12-11,shipped,apple_pay,EUR,11.56,1.0,11.56,app
1596,ORD101596,C69323,2025-01-26,2025-01-29,delivered,credit_card,EUR,26.66,2.0,53.32,app
47,ORD100047,C90380,2025-03-03,2025-03-07,delivered,paypal,EUR,40.5,4.0,162.0,web
2216,ORD102216,C50553,2025-10-12,2025-10-14,delivered,paypal,EUR,26.3,3.0,78.9,app
106,ORD100106,C80232,2025-01-24,2025-01-26,shipped,credit_card,EUR,0.0,5.0,61.15,web
349,ORD100349,C24814,2024-09-21,2024-09-28,delivered,credit_card,EUR,92.26,5.0,461.3,web
1079,ORD101079,C85266,2024-02-26,2024-03-06,delivered,cash,EUR,33.16,4.0,132.64,web
238,ORD100238,C37779,2024-12-25,2024-12-27,shipped,credit_card,EUR,13.63,5.0,68.15,web
213,ORD100213,C50442,2025-01-15,2025-01-21,delivered,cash,EUR,18.45,3.0,55.35,web
1144,ORD101144,C39799,2025-12-02,2025-12-10,delivered,paypal,EUR,39.8,3.0,119.4,app
2034,ORD102034,C98755,2024-01-22,2024-01-30,delivered,credit_card,USD,25.84,5.0,129.2,web
2471,ORD102471,C18924,2024-10-07,2024-10-13,delivered,paypal,EUR,22.24,2.0,44.48,app
793,ORD100793,C84285,2024-07-30,2024-08-01,delivered,credit_card,EUR,20.94,2.0,41.88,app
1096,ORD101096,C85190,2024-09-04,2024-09-09,cancelled,credit_card,EUR,0.0,3.0,51.6,app
1753,ORD101753,C45516,2024-09-04,2024-09-13,delivered,cash,EUR,44.46,3.0,133.38,app
1921,ORD101921,C58290,2025-12-31,2026-01-03,delivered,paypal,EUR,61.82,3.0,185.46,app
2256,ORD102256,C81681,2025-02-23,2025-03-03,delivered,credit_card,EUR,46.07,4.0,184.28,app
2287,ORD102287,C83909,2024-01-08,2024-01-13,shipped,credit_card,EUR,47.75,1.0,47.75,app
345,ORD100345,C33036,2024-11-29,2024-12-02,delivered,credit_card,EUR,19.4,1.0,19.4,web
523,ORD100523,C84218,2024-05-25,2024-06-01,delivered,paypal,EUR,49.32,1.0,49.32,app
232,,C11757,2025-11-11,2025-11-12,delivered,credit_card,EUR,46.97,1.0,46.97,web
644,ORD100644,C79325,2025-07-12,2025-07-14,cancelled,paypal,EUR,54.42,3.0,163.26,app
2028,ORD102028,C57300,2024-11-20,2024-11-24,delivered,paypal,USD,29.56,1.0,29.56,web
2234,ORD102234,C62973,2025-08-27,2025-08-31,processing,paypal,EUR,14.97,4.0,59.88,web
1428,ORD101428,C34030,2025-04-29,2025-05-04,delivered,credit_card,EUR,22.25,4.0,89.0,partner
533,ORD100533,C35624,2024-03-21,2024-03-25,delivered,credit_card,EUR,0.0,5.0,76.05,web
2493,ORD102493,C64943,2025-02-07,2025-02-15,delivered,credit_card,EUR,30.33,1.0,30.33,web
603,ORD100603,C22109,2024-11-16,2024-11-25,shipped,cash,EUR,15.1,3.0,45.3,app
1489,ORD101489,C55734,2024-12-13,2024-12-21,processing,cash,EUR,26.78,5.0,133.9,web
1965,ORD101965,C76744,2024-03-09,2024-03-17,delivered,credit_card,EUR,57.63,5.0,288.15,web
1426,ORD101426,C70442,2025-01-01,2025-01-07,delivered,credit_card,EUR,22.64,4.0,90.56,app
1074,ORD101074,C52004,2025-11-27,2025-12-03,delivered,paypal,USD,19.86,1.0,19.86,web
2104,ORD102104,C88403,2024-06-03,2024-06-06,shipped,credit_card,EUR,82.16,2.0,164.32,web
60,ORD100060,C93026,2025-02-26,2025-02-28,shipped,credit_card,USD,24.68,4.0,98.72,web
671,ORD100671,C65293,2025-11-17,2025-11-23,shipped,cash,EUR,-10.0,4.0,163.4,web
92,ORD100092,C85751,2025-01-23,2025-01-24,shipped,credit_card,USD,11.65,5.0,58.25,partner
666,ORD100666,C55296,2025-07-01,2025-07-10,delivered,credit_card,EUR,21.42,1.0,21.42,web
2116,ORD102116,C96451,2024-08-02,2024-08-09,delivered,credit_card,EUR,51.56,3.0,154.68,web
2312,ORD102312,C55902,2025-01-20,2025-01-21,delivered,credit_card,EUR,21.56,2.0,43.12,web
280,ORD100280,C34825,2024-08-15,2024-08-23,delivered,cash,EUR,38.86,5.0,194.3,web
1719,ORD101719,C56531,2024-04-29,2024-05-01,shipped,credit_card,EUR,49.34,2.0,98.68,web
1962,ORD101962,C22829,2025-03-06,2025-03-07,delivered,credit_card,EUR,26.61,1.0,26.61,web
359,ORD100359,C77373,2024-11-22,2024-11-30,delivered,paypal,EUR,55.51,2.0,111.02,web
1850,ORD101850,C17363,2025-03-20,2025-03-22,delivered,cash,EUR,30.98,5.0,154.9,app
1543,ORD101543,C61228,2024-03-20,2024-03-27,processing,credit_card,EUR,21.83,2.0,43.66,web
1397,ORD101397,C68808,2024-01-14,2024-01-15,delivered,credit_card,EUR,15.27,0.0,61.08,app
2247,ORD102247,C25871,2024-07-02,2024-07-10,shipped,credit_card,USD,35.96,1.0,35.96,web
847,ORD100847,C14649,2024-04-03,2024-04-11,delivered,credit_card,EUR,16.08,4.0,64.32,web
1206,ORD101206,C56356,2024-04-24,2024-04-25,delivered,credit_card,EUR,50.36,2.0,100.72,web
2265,ORD102265,C18567,2024-04-20,2024-04-29,delivered,credit_card,EUR,10.57,4.0,42.28,web
760,ORD100760,C25839,2024-11-14,2024-11-23,delivered,credit_card,EUR,18.17,5.0,90.85,app
110,ORD100110,C34940,2025-12-10,2025-12-12,cancelled,credit_card,EUR,63.69,5.0,318.45,app
1775,ORD101775,C21799,2025-07-19,2025-07-21,delivered,credit_card,EUR,0.0,5.0,197.95,app
42,ORD100042,C73046,2025-11-30,2025-12-09,delivered,credit_card,EUR,14.14,5.0,70.7,web
1770,ORD101770,C40423,2025-08-06,2025-08-14,processing,credit_card,EUR,63.05,1.0,63.05,app
125,,C60870,2025-02-27,2025-03-03,delivered,credit_card,EUR,40.61,4.0,162.44,partner
204,ORD100204,C51167,2024-02-20,2024-02-24,shipped,credit_card,EUR,10.28,3.0,30.84,web
1473,ORD101473,C28631,2024-07-07,2024-07-12,delivered,credit_card,EUR,30.92,2.0,61.84,app
52,ORD100052,C42751,2024-06-07,2024-06-11,shipped,credit_card,EUR,15.48,1.0,15.48,web
1797,ORD101797,C26718,2025-07-16,2025-07-20,delivered,credit_card,USD,32.93,4.0,131.72,web
545,ORD100545,C14804,2025-10-07,2025-10-08,processing,credit_card,EUR,18.13,3.0,54.39,web
68,ORD100068,C16870,2024-10-04,2024-10-05,shipped,credit_card,USD,24.76,5.0,123.8,web
1860,ORD101860,C76582,2024-01-06,2024-01-12,delivered,credit_card,EUR,11.78,1.0,11.78,web
2345,ORD102345,C33170,2025-07-13,2025-07-20,delivered,credit_card,EUR,34.53,3.0,103.59,web
2262,ORD102262,C12859,2024-03-12,2024-03-13,processing,credit_card,EUR,43.66,5.0,218.3,app
2018,ORD102018,C74760,2025-06-03,2025-06-06,shipped,credit_card,EUR,62.26,2.0,124.52,app
1424,ORD101424,C33009,2025-04-11,2025-04-14,delivered,credit_card,EUR,54.69,3.0,164.07,web
183,ORD100183,C72668,2025-08-15,2025-08-19,delivered,paypal,USD,44.6,1.0,44.6,web
137,ORD100137,C12773,2025-06-27,2025-06-30,delivered,credit_card,USD,29.1,2.0,58.2,app
899,ORD100899,C65467,2025-06-11,2025-06-15,shipped,credit_card,EUR,75.17,4.0,300.68,web
796,ORD100796,C97146,2024-06-03,2024-06-05,shipped,credit_card,EUR,22.65,2.0,45.3,app
132,ORD100132,C18150,2025-10-29,2025-10-30,cancelled,credit_card,USD,33.96,4.0,135.84,web
80,ORD100080,C94626,2024-10-07,2024-10-10,delivered,credit_card,EUR,29.71,5.0,148.55,web
1586,ORD101586,C84094,2024-07-16,2024-07-20,delivered,credit_card,EUR,41.57,4.0,166.28,web
2221,ORD102221,C23856,2025-08-30,2025-09-04,delivered,credit_card,USD,27.86,4.0,111.44,web
758,ORD100758,C21512,2025-02-16,2025-02-24,delivered,credit_card,EUR,14.57,3.0,43.71,web
541,ORD100541,C14985,2024-07-31,2024-08-06,processing,credit_card,EUR,27.64,1.0,27.64,web
1019,ORD101019,C20426,2025-11-04,2025-11-10,shipped,cash,EUR,25.43,1.0,25.43,web
1868,ORD101868,C12714,2025-11-08,2025-11-11,delivered,paypal,EUR,11.94,5.0,59.7,web
983,ORD100983,C68314,2024-06-17,2024-06-26,delivered,credit_card,EUR,29.03,0.0,29.03,web
2296,ORD102296,C25065,2025-01-03,2025-01-10,delivered,paypal,EUR,52.57,3.0,157.71,partner
165,ORD100165,C83261,2025-01-27,2025-02-05,cancelled,paypal,EUR,33.7,3.0,101.1,web
248,ORD100248,C80818,2024-10-30,2024-11-07,delivered,credit_card,EUR,47.09,5.0,235.45,app
1331,ORD101331,C74586,2024-05-28,2024-06-01,shipped,cash,EUR,47.34,3.0,142.02,app
446,ORD100446,C38236,2025-03-06,2025-03-09,delivered,paypal,USD,23.56,4.0,94.24,app
1878,ORD101878,C75405,2024-05-01,2024-05-05,cancelled,paypal,EUR,16.32,3.0,48.96,web
858,ORD100858,C70221,2024-05-16,2024-05-20,shipped,credit_card,USD,27.76,1.0,27.76,web
1358,ORD101358,C19271,2024-08-25,2024-09-02,shipped,credit_card,EUR,26.54,2.0,53.08,app
2360,ORD102360,C68380,2024-02-13,2024-02-14,delivered,credit_card,EUR,31.55,1.0,31.55,web
97,ORD100097,C71423,2025-06-12,2025-06-15,delivered,paypal,EUR,11.15,5.0,55.75,web
1897,ORD101897,C88710,2024-07-08,2024-07-16,shipped,credit_card,USD,31.47,4.0,125.88,web
805,ORD100805,C80315,2024-07-05,2024-07-10,delivered,paypal,EUR,14.29,4.0,57.16,app
737,ORD100737,C40027,2025-12-27,2026-01-04,delivered,paypal,EUR,32.88,1.0,32.88,web
2042,ORD102042,C77175,2025-11-08,2025-11-17,processing,credit_card,EUR,24.68,1.0,24.68,app
1995,ORD101995,C10207,2025-04-03,2025-04-08,delivered,paypal,EUR,21.58,3.0,64.74,web
2089,ORD102089,C11778,2024-08-06,2024-08-09,cancelled,credit_card,EUR,,2.0,63.66,web
102,ORD100102,C82440,2025-07-24,2025-07-25,delivered,credit_card,EUR,33.64,3.0,100.92,web
434,ORD100434,C49044,2025-08-13,2025-08-16,shipped,paypal,EUR,8.96,5.0,44.8,web
74,ORD100074,C71782,2025-07-19,2025-07-23,delivered,cash,EUR,39.25,4.0,157.0,web
577,ORD100577,C57137,2025-08-18,2025-08-21,shipped,paypal,EUR,18.4,4.0,73.6,app
1954,ORD101954,C97384,2025-03-23,2025-03-28,delivered,paypal,EUR,18.3,1.0,18.3,app
2525,ORD102200,C42939,2025-10-11,2025-10-20,processing,credit_card,EUR,32.45,2.0,64.9,app
1230,ORD101230,C83931,2025-06-11,2025-06-20,processing,cash,EUR,41.95,3.0,125.85,web
918,ORD100918,C32903,2024-03-12,2024-03-16,delivered,cash,EUR,23.78,0.0,95.12,app
1326,,C71138,2024-09-03,2024-09-08,delivered,paypal,EUR,33.62,2.0,67.24,web
2383,ORD102383,C45362,2024-04-27,2024-05-01,delivered,credit_card,EUR,28.12,4.0,112.48,app
2353,ORD102353,C51820,2024-02-20,2024-02-28,delivered,credit_card,EUR,36.68,0.0,183.4,web
2311,ORD102311,C16076,2024-06-29,2024-07-04,shipped,credit_card,EUR,24.92,4.0,99.68,web
1848,ORD101848,C56889,2025-07-14,2025-07-22,delivered,credit_card,EUR,34.73,5.0,173.65,app
762,ORD100762,C95415,2025-06-25,2025-06-28,delivered,paypal,USD,24.44,2.0,48.88,web
2178,ORD102178,C66359,2025-04-22,2025-04-30,delivered,cash,EUR,30.0,5.0,150.0,web
989,ORD100989,C80868,2025-06-03,2025-06-06,delivered,credit_card,EUR,18.59,2.0,37.18,app
388,ORD100388,C90271,2024-04-18,2024-04-27,delivered,credit_card,EUR,34.52,3.0,103.56,web
235,ORD100235,C74750,2024-04-12,2024-04-16,delivered,paypal,EUR,45.36,1.0,45.36,app
2233,ORD102233,C22419,2024-07-11,2024-07-18,delivered,credit_card,EUR,16.11,5.0,80.55,partner
267,ORD100267,C41217,2025-12-27,2026-01-03,shipped,cash,EUR,17.72,5.0,88.6,web
1329,ORD101329,C40773,2024-04-19,2024-04-20,in_progress,credit_card,USD,75.17,2.0,150.34,app
1932,ORD101932,C85086,2025-10-18,2025-10-27,cancelled,credit_card,EUR,67.38,5.0,336.9,web
117,ORD100117,C22581,2024-02-08,2024-02-16,cancelled,paypal,EUR,22.51,3.0,67.53,web
437,ORD100437,C93479,2025-06-11,2025-06-18,delivered,credit_card,EUR,26.49,1.0,26.49,app
673,ORD100673,C18558,2024-09-08,2024-09-16,x_cancel,credit_card,EUR,12.65,3.0,37.95,web
249,ORD100249,C13745,2025-12-13,2025-12-18,delivered,paypal,USD,16.73,1.0,16.73,app
2192,ORD102192,C35776,2025-12-25,2026-01-01,shipped,credit_card,EUR,15.04,3.0,45.12,app
1574,ORD101574,C23363,2024-08-25,2024-08-31,delivered,credit_card,EUR,31.5,4.0,126.0,web
2566,ORD102099,C32200,2025-06-17,2025-06-20,delivered,credit_card,EUR,33.91,2.0,67.82,partner
94,ORD100094,C90826,2024-08-11,2024-08-13,delivered,cash,EUR,38.76,0.0,116.28,web
2007,ORD102007,C23709,2025-03-05,2025-03-13,delivered,credit_card,EUR,39.04,4.0,156.16,web
33,ORD100033,C59912,2024-05-04,2024-05-11,delivered,credit_card,EUR,36.36,3.0,109.08,web
2243,ORD102243,C20065,2024-08-26,2024-08-29,delivered,paypal,EUR,26.96,1.0,26.96,web
2359,ORD102359,C28753,2025-07-07,2025-07-12,delivered,paypal,EUR,30.61,5.0,153.05,web
2351,ORD102351,C77523,2025-06-14,2025-06-22,shipped,credit_card,EUR,36.65,5.0,183.25,app
448,ORD100448,C56891,2025-01-23,2025-01-31,processing,credit_card,EUR,-10.0,3.0,35.88,app
1469,ORD101469,C15447,2025-03-28,2025-04-05,delivered,cash,EUR,12.05,1.0,12.05,web
1795,ORD101795,C28187,2025-12-27,2025-12-30,delivered,credit_card,EUR,25.19,1.0,25.19,app
716,ORD100716,C56593,2024-01-04,2024-01-10,delivered,paypal,USD,71.11,3.0,213.33,app
2050,ORD102050,C25505,2024-02-02,2024-02-06,delivered,cash,USD,,4.0,148.4,web
2240,ORD102240,C30124,2024-07-12,2024-07-18,delivered,credit_card,EUR,53.25,5.0,266.25,web
0,ORD100000,C18032,2025-05-26,2025-05-30,delivered,credit_card,EUR,11.69,3.0,35.07,web
1901,ORD101901,C57776,2024-03-27,2024-03-31,shipped,credit_card,EUR,26.65,5.0,133.25,app
456,ORD100456,C23338,2024-03-13,2024-03-21,delivered,credit_card,EUR,37.24,5.0,186.2,web
1101,ORD101101,C52238,2025-03-22,2025-03-27,delivered,credit_card,EUR,23.05,1.0,23.05,web
1108,ORD101108,C94664,2025-03-27,2025-03-31,delivered,credit_card,EUR,66.06,5.0,330.3,app
1991,ORD101991,C49418,2024-05-23,2024-05-29,cancelled,credit_card,USD,48.67,5.0,243.35,web
82,ORD100082,C24461,2024-07-31,2024-08-08,delivered,credit_card,EUR,25.59,2.0,51.18,app
1481,ORD101481,C10149,2024-03-05,2024-03-06,delivered,credit_card,EUR,24.67,4.0,98.68,partner
2546,ORD101460,C81113,2025-11-23,2025-12-01,delivered,credit_card,EUR,14.05,5.0,70.25,app
676,ORD100676,C62270,2025-03-25,2025-03-28,cancelled,credit_card,EUR,43.94,1.0,43.94,app
1588,ORD101588,C87568,2025-12-19,2025-12-21,delivered,cash,EUR,23.22,4.0,92.88,web
2190,ORD102190,C42627,2024-01-02,2024-01-11,delivered,credit_card,EUR,32.39,4.0,129.56,app
1046,ORD101046,C31547,2024-10-26,2024-11-03,delivered,credit_card,EUR,17.69,5.0,88.45,web
1460,ORD101460,C81113,2025-11-23,2025-12-01,delivered,credit_card,EUR,14.05,5.0,70.25,app
770,ORD100770,C68671,2024-04-30,2024-05-05,processing,paypal,EUR,21.29,2.0,42.58,web
1893,ORD101893,C73921,2024-02-19,2024-02-27,shipped,credit_card,EUR,24.6,4.0,98.4,partner
1668,ORD101668,C57938,2025-01-05,2025-01-09,delivered,credit_card,EUR,28.11,5.0,140.55,web
1886,ORD101886,C68561,2024-07-09,2024-07-15,delivered,credit_card,USD,34.18,4.0,136.72,app
1975,ORD101975,C14509,2024-08-22,2024-08-27,shipped,credit_card,USD,12.05,5.0,60.25,web
475,ORD100475,C80627,2024-12-08,2024-12-17,cancelled,credit_card,USD,53.73,5.0,268.65,app
517,ORD100517,C15990,2024-06-06,2024-06-13,delivered,,EUR,56.93,5.0,284.65,partner
822,ORD100822,C22287,2025-07-29,2025-08-02,shipped,paypal,EUR,38.37,4.0,153.48,web
404,ORD100404,C54937,2025-04-21,2025-04-24,delivered,credit_card,USD,20.36,3.0,61.08,web
384,ORD100384,C12871,2024-09-16,2024-09-25,delivered,credit_card,EUR,43.98,1.0,43.98,web
2151,ORD102151,C38999,2025-12-21,2025-12-29,cancelled,paypal,USD,30.85,4.0,123.4,app
2137,ORD102137,C12090,2024-12-28,2025-01-02,shipped,credit_card,USD,25.32,2.0,50.64,web
104,ORD100104,C81715,2025-07-08,2025-07-10,delivered,paypal,USD,23.48,5.0,117.4,web
1633,ORD101633,C89233,2025-01-02,2025-01-04,,credit_card,EUR,28.3,5.0,141.5,web
2452,ORD102452,C18554,2025-07-26,2025-07-28,delivered,credit_card,USD,51.1,3.0,153.3,web
688,ORD100688,C50066,2024-02-13,2024-02-22,delivered,paypal,EUR,33.95,3.0,101.85,app
794,ORD100794,C48816,2024-05-20,2024-05-28,delivered,paypal,EUR,45.03,1.0,45.03,web
826,ORD100826,C71264,2024-04-27,2024-04-30,delivered,paypal,EUR,20.14,1.0,20.14,app
1877,ORD101877,C90650,2024-07-11,2024-07-16,delivered,credit_card,EUR,30.37,3.0,91.11,app
1240,ORD101240,C55735,2024-06-13,2024-06-16,delivered,paypal,EUR,35.05,5.0,175.25,web
62,ORD100062,C42997,2025-05-02,2025-05-10,shipped,credit_card,EUR,45.72,1.0,45.72,web
1305,ORD101305,C70444,2025-09-12,2025-09-18,delivered,credit_card,EUR,34.93,2.0,69.86,web
852,ORD100852,C96685,2024-03-18,2024-03-23,delivered,credit_card,USD,28.13,2.0,56.26,app
2361,ORD102361,C77633,2025-08-28,2025-09-05,cancelled,paypal,EUR,26.87,4.0,107.48,web
176,ORD100176,C74534,2025-12-04,2025-12-09,delivered,credit_card,EUR,28.55,4.0,114.2,app
1262,ORD101262,C50002,2025-02-24,2025-02-27,delivered,credit_card,EUR,40.08,4.0,160.32,app
223,ORD100223,C28212,2024-10-02,2024-10-09,x_cancel,credit_card,EUR,23.01,2.0,46.02,app
145,ORD100145,C86805,2024-01-05,2024-01-07,cancelled,,EUR,37.2,4.0,148.8,web
1088,ORD101088,C68584,2025-04-20,2025-04-28,shipped,credit_card,EUR,41.5,1.0,41.5,web
373,ORD100373,C43628,2024-06-08,2024-06-11,delivered,credit_card,EUR,33.03,1.0,33.03,app
1824,ORD101824,C79539,2025-12-10,2025-12-18,delivered,credit_card,EUR,19.61,5.0,98.05,web
2172,ORD102172,C99706,2024-06-02,2024-06-06,delivered,paypal,USD,38.94,1.0,38.94,app
1142,ORD101142,C93824,2025-11-10,2025-11-19,cancelled,credit_card,EUR,36.08,3.0,108.24,web
2460,ORD102460,C40604,2024-10-06,2024-10-15,delivered,credit_card,EUR,20.57,2.0,41.14,app
2227,ORD102227,C93960,2025-10-09,2025-10-13,delivered,credit_card,EUR,28.09,2.0,56.18,web
1274,ORD101274,C78641,2024-11-10,2024-11-16,shipped,credit_card,EUR,33.75,5.0,168.75,app
1265,ORD101265,C13327,2024-10-25,2024-10-31,done,paypal,EUR,20.67,5.0,103.35,web
2298,ORD102298,C29976,2024-10-12,2024-10-17,cancelled,cash,EUR,22.7,5.0,113.5,web
2055,ORD102055,C42969,2024-06-07,2024-06-13,shipped,credit_card,EUR,26.08,0.0,78.24,web
9,ORD100009,C18475,2024-03-30,2024-04-06,shipped,credit_card,EUR,13.19,5.0,65.95,web
449,ORD100449,C35779,2025-01-14,2025-01-19,cancelled,credit_card,USD,37.72,3.0,113.16,web
1944,ORD101944,C44211,2025-06-23,2025-07-01,delivered,credit_card,EUR,31.05,3.0,93.15,partner
1838,ORD101838,C30012,2025-06-25,2025-07-03,delivered,cash,EUR,17.45,3.0,52.35,partner
708,ORD100708,C52833,2024-11-03,2024-11-08,delivered,credit_card,EUR,68.76,5.0,343.8,app
255,ORD100255,C23007,2025-09-29,2025-10-07,shipped,cash,USD,55.94,4.0,223.76,web
882,ORD100882,C50389,2025-12-03,2025-12-04,processing,paypal,EUR,45.41,2.0,90.82,app
1617,ORD101617,C55655,2024-04-05,2024-04-12,done,cash,EUR,53.79,2.0,107.58,app
389,ORD100389,C23795,2024-05-22,2024-05-25,delivered,cash,EUR,28.3,1.0,28.3,app
1276,ORD101276,C69131,2025-01-24,2025-01-30,shipped,credit_card,EUR,27.82,3.0,83.46,web
2463,ORD102463,C62718,2024-06-20,2024-06-24,delivered,cash,USD,51.73,3.0,155.19,app
1581,ORD101581,C29471,2024-07-27,2024-08-03,delivered,paypal,EUR,25.95,4.0,103.8,web
908,ORD100908,C43403,2025-04-26,2025-05-03,delivered,credit_card,USD,37.32,2.0,74.64,web
924,ORD100924,C32345,2025-03-21,2025-03-30,delivered,credit_card,EUR,63.98,4.0,255.92,web
751,ORD100751,C23300,2025-06-30,2025-07-09,delivered,credit_card,EUR,32.33,5.0,161.65,app
1999,ORD101999,C35280,2024-09-09,2024-09-15,shipped,paypal,EUR,20.24,5.0,101.2,web
460,ORD100460,C75098,2025-11-04,2025-11-08,shipped,paypal,EUR,34.17,1.0,34.17,app
1747,ORD101747,C43942,2024-05-21,2024-05-30,delivered,credit_card,EUR,19.25,2.0,38.5,app
2054,ORD102054,C74304,2025-06-02,2025-06-03,delivered,credit_card,EUR,58.65,3.0,175.95,app
1224,ORD101224,C47515,2024-01-07,2024-01-14,cancelled,credit_card,EUR,37.79,1.0,37.79,web
1168,ORD101168,C99837,2024-11-07,2024-11-13,delivered,credit_card,EUR,23.23,4.0,92.92,app
958,ORD100958,C97430,2025-09-06,2025-09-11,delivered,paypal,EUR,28.19,5.0,140.95,app
501,ORD100501,C68673,2025-05-06,2025-05-07,delivered,credit_card,USD,-1.0,2.0,46.72,web
1946,,C24136,2024-08-12,2024-08-19,delivered,paypal,EUR,22.87,2.0,45.74,web
1727,ORD101727,C61293,2025-03-24,2025-03-29,delivered,credit_card,EUR,29.03,5.0,145.15,web
739,ORD100739,C90852,2024-01-29,2024-02-03,delivered,credit_card,EUR,56.51,1.0,56.51,web
40,ORD100040,C24870,2024-07-30,2024-07-31,delivered,credit_card,USD,13.16,1.0,13.16,web
868,ORD100868,C50189,2024-11-05,2024-11-14,delivered,credit_card,EUR,72.68,1.0,72.68,app
731,ORD100731,C47674,2024-06-04,2024-06-07,delivered,cash,EUR,38.51,5.0,192.55,app
539,ORD100539,C11903,2024-05-24,2024-05-28,shipped,credit_card,USD,14.79,0.0,59.16,app
1201,ORD101201,C52975,2024-06-17,2024-06-24,delivered,credit_card,EUR,21.2,1.0,21.2,web
1339,ORD101339,C46714,2025-11-27,2025-11-28,delivered,paypal,EUR,44.41,1.0,44.41,web
697,ORD100697,C63106,2025-08-16,2025-08-24,delivered,cash,EUR,42.47,4.0,169.88,web
1671,ORD101671,C61023,2024-07-11,2024-07-13,shipped,credit_card,EUR,37.94,1.0,37.94,web
2150,ORD102150,C39530,2024-10-17,2024-10-24,cancelled,credit_card,USD,30.13,3.0,90.39,app
2523,ORD101921,C58290,2025-12-31,2026-01-03,delivered,paypal,EUR,61.82,3.0,185.46,app
1371,ORD101371,C40895,2024-03-16,2024-03-19,delivered,credit_card,USD,24.93,2.0,49.86,app
1145,ORD101145,C53431,2025-01-21,2025-01-25,shipped,paypal,EUR,52.62,4.0,210.48,web
1031,ORD101031,C25569,2024-02-22,2024-02-27,delivered,credit_card,EUR,30.37,1.0,30.37,web
372,ORD100372,C46919,2025-08-21,2025-08-28,delivered,crypto,EUR,45.42,5.0,227.1,app
667,ORD100667,C87463,2024-07-14,2024-07-20,delivered,cash,USD,-10.0,2.0,40.04,web
1431,ORD101431,C26665,2024-02-24,2024-03-04,delivered,credit_card,EUR,24.26,4.0,97.04,web
2248,ORD102248,C24015,2025-09-24,2025-09-28,cancelled,paypal,USD,12.25,2.0,24.5,partner
357,ORD100357,C90250,2025-07-24,2025-08-02,delivered,credit_card,EUR,22.29,5.0,111.45,web
967,ORD100967,C38533,2024-07-07,2024-07-13,delivered,credit_card,EUR,32.3,1.0,32.3,app
783,ORD100783,C20972,2024-03-12,2024-03-17,delivered,cash,EUR,34.39,2.0,68.78,web
735,ORD100735,C70410,2025-02-21,2025-02-26,delivered,cash,EUR,41.83,4.0,167.32,web
1353,ORD101353,C92375,2024-09-14,2024-09-21,delivered,credit_card,EUR,25.69,2.0,51.38,app
1035,ORD101035,C76841,2024-02-24,2024-02-27,shipped,cash,EUR,23.64,3.0,70.92,app
970,ORD100970,C36880,2024-06-12,2024-06-16,delivered,credit_card,EUR,16.47,3.0,49.41,web
1976,ORD101976,C93861,2025-11-17,2025-11-22,delivered,paypal,EUR,34.68,5.0,173.4,app
470,ORD100470,C76448,2025-03-22,2025-03-31,delivered,paypal,EUR,43.56,5.0,217.8,web
655,ORD100655,C57944,2025-09-11,2025-09-17,delivered,credit_card,USD,17.17,2.0,34.34,app
2421,ORD102421,C78211,2025-09-30,2025-10-04,delivered,credit_card,EUR,57.55,2.0,115.1,web
1909,ORD101909,C94600,2024-08-24,2024-08-27,delivered,credit_card,EUR,19.62,3.0,58.86,web
2398,ORD102398,C32671,2025-07-07,2025-07-13,cancelled,cash,EUR,33.71,4.0,134.84,web
1396,ORD101396,C65789,2025-01-24,2025-01-29,delivered,paypal,EUR,26.52,3.0,79.56,app
1536,ORD101536,C23819,2025-05-16,2025-05-24,delivered,credit_card,USD,37.8,3.0,113.4,web
2358,ORD102358,C66286,2024-07-10,2024-07-18,delivered,credit_card,EUR,32.17,2.0,64.34,app
2246,ORD102246,C61806,2025-07-13,2025-07-19,done,cash,EUR,28.14,1.0,28.14,app
1549,ORD101549,C10426,2024-11-29,2024-12-05,shipped,credit_card,EUR,25.5,2.0,51.0,web
1328,ORD101328,C70750,2025-05-13,2025-05-17,processing,credit_card,EUR,53.46,2.0,106.92,web
1256,ORD101256,C29973,2025-04-10,2025-04-17,delivered,paypal,EUR,23.85,4.0,95.4,partner
2225,ORD102225,C65769,2024-12-15,2024-12-22,delivered,credit_card,USD,,5.0,121.35,app
1425,ORD101425,C83316,2025-02-22,2025-02-25,delivered,credit_card,EUR,24.04,4.0,96.16,partner
1464,ORD101464,C86677,2024-05-26,2024-05-29,delivered,credit_card,EUR,25.76,3.0,77.28,web
1555,ORD101555,C24646,2024-10-03,2024-10-10,cancelled,credit_card,USD,33.15,1.0,33.15,web
2219,ORD102219,C27332,2024-04-19,2024-04-27,delivered,credit_card,EUR,17.23,4.0,68.92,web
1250,ORD101250,C31771,2025-03-01,2025-03-05,delivered,card,EUR,53.83,1.0,53.83,partner
1699,ORD101699,C96538,2024-06-23,2024-06-27,delivered,credit_card,EUR,17.29,1.0,17.29,web
1252,ORD101252,C16662,2025-12-03,2025-12-12,delivered,credit_card,EUR,30.36,1.0,30.36,app
2494,ORD102494,C47681,2025-04-14,2025-04-16,delivered,cash,EUR,27.59,2.0,55.18,web
2386,ORD102386,C95766,2025-05-20,2025-05-21,delivered,credit_card,EUR,56.6,3.0,169.8,web
1236,ORD101236,C10424,2024-10-04,2024-10-09,delivered,credit_card,EUR,19.29,5.0,96.45,web
885,ORD100885,C76115,2024-06-29,2024-07-02,shipped,credit_card,EUR,45.4,4.0,181.6,web
79,ORD100079,C70282,2025-02-19,2025-02-27,processing,paypal,EUR,17.96,4.0,71.84,app
1172,ORD101172,C45234,2025-03-05,2025-03-14,delivered,credit_card,USD,93.42,4.0,373.68,app
814,ORD100814,C80018,2024-10-21,2024-10-27,delivered,credit_card,EUR,64.54,5.0,322.7,app
1852,ORD101852,C50889,2025-02-06,2025-02-09,shipped,paypal,EUR,28.62,4.0,114.48,web
2251,ORD102251,C59696,2024-04-19,2024-04-28,delivered,credit_card,USD,33.69,2.0,67.38,app
133,ORD100133,C60328,2025-02-15,2025-02-18,shipped,credit_card,EUR,51.32,3.0,153.96,web
1140,ORD101140,C89305,2025-06-11,2025-06-12,delivered,credit_card,EUR,10.98,4.0,43.92,web
933,ORD100933,C68430,2024-09-03,2024-09-10,delivered,credit_card,EUR,18.01,1.0,18.01,web
928,ORD100928,C47652,2025-07-24,2025-07-25,processing,cash,USD,31.76,3.0,95.28,web
823,ORD100823,C68510,2025-04-12,2025-04-16,cancelled,credit_card,USD,57.04,1.0,57.04,web
1531,ORD101531,C10833,2025-01-16,2025-01-21,delivered,cash,USD,44.67,4.0,178.68,app
1214,ORD101214,C16675,2025-06-14,2025-06-22,cancelled,credit_card,EUR,18.5,-1.0,74.0,app
504,ORD100504,C34666,2025-05-30,2025-06-08,delivered,cash,EUR,52.75,1.0,52.75,app
2539,ORD102340,C48104,2025-07-11,2025-07-16,cancelled,credit_card,EUR,84.67,1.0,84.67,web
1996,ORD101996,C59736,2024-08-29,2024-09-01,delivered,paypal,EUR,14.89,1.0,14.89,web
1958,ORD101958,C69439,2024-03-26,2024-03-27,delivered,credit_card,EUR,28.64,2.0,57.28,web
1384,ORD101384,C44768,2024-04-28,2024-05-03,processing,credit_card,EUR,36.54,3.0,109.62,app
894,ORD100894,C77447,2024-09-03,2024-09-11,shipped,credit_card,EUR,8.82,3.0,26.46,web
828,ORD100828,C87709,2024-10-14,2024-10-17,delivered,credit_card,USD,27.75,3.0,83.25,web
2503,ORD101201,C52975,2024-06-17,2024-06-24,delivered,credit_card,EUR,21.2,1.0,21.2,web
1683,ORD101683,C81641,2025-09-15,2025-09-21,delivered,paypal,USD,20.14,2.0,40.28,app
2204,ORD102204,C50901,2025-06-21,2025-06-26,delivered,paypal,EUR,51.79,1.0,51.79,web
2189,ORD102189,C62735,2025-06-13,2025-06-17,shipped,paypal,EUR,125.35,2.0,250.7,web
2152,ORD102152,C87094,2024-08-30,2024-09-03,delivered,cash,EUR,19.1,3.0,57.3,app
652,ORD100652,C28211,2024-05-23,2024-05-29,delivered,credit_card,EUR,21.81,1.0,21.81,web
172,ORD100172,C79438,2025-09-14,2025-09-17,delivered,card,USD,20.0,4.0,80.0,app
38,ORD100038,C34908,2025-01-23,2025-01-27,delivered,cash,EUR,46.87,2.0,93.74,app
2453,ORD102453,C52295,2024-04-14,2024-04-15,processing,paypal,EUR,31.95,4.0,127.8,web
713,ORD100713,C78752,2025-12-06,2025-12-10,delivered,paypal,EUR,28.26,5.0,141.3,app
90,ORD100090,C49169,2024-02-21,2024-02-26,shipped,credit_card,EUR,33.35,1.0,33.35,app
1205,ORD101205,C91298,2024-12-31,2025-01-01,delivered,paypal,EUR,68.69,2.0,137.38,partner
2215,ORD102215,C45105,2024-12-31,2025-01-07,delivered,credit_card,EUR,24.54,3.0,73.62,web
1827,ORD101827,C98610,2024-11-06,2024-11-13,shipped,cash,EUR,-10.0,1.0,16.36,app
1155,ORD101155,C62840,2024-12-18,2024-12-23,delivered,credit_card,EUR,72.8,1.0,72.8,app
1324,ORD101324,C87969,2025-03-10,2025-03-19,shipped,credit_card,USD,13.64,5.0,68.2,web
216,ORD100216,C17132,2024-11-12,2024-11-15,delivered,credit_card,EUR,47.33,3.0,141.99,app
510,ORD100510,C99511,2024-09-26,2024-10-02,delivered,credit_card,USD,50.51,5.0,252.55,web
1680,ORD101680,C94835,2025-04-22,2025-05-01,shipped,paypal,EUR,22.55,5.0,112.75,app
499,ORD100499,C48328,2025-04-29,2025-05-01,delivered,credit_card,USD,22.11,5.0,110.55,web
2123,ORD102123,C64904,2024-02-27,2024-03-03,cancelled,cash,EUR,52.13,4.0,208.52,app
1856,ORD101856,C43749,2025-12-06,2025-12-14,processing,credit_card,USD,17.78,5.0,88.9,web
1388,ORD101388,C90177,2024-04-12,2024-04-21,processing,cash,EUR,24.22,1.0,24.22,web
1519,ORD101519,C51468,2025-05-17,2025-05-20,shipped,credit_card,USD,61.24,4.0,244.96,web
2333,ORD102333,C84080,2024-06-22,2024-06-29,shipped,paypal,EUR,15.55,5.0,77.75,web
2076,ORD102076,C51792,2024-03-01,2024-03-10,cancelled,credit_card,EUR,24.17,3.0,72.51,app
1540,ORD101540,C52794,2024-08-28,2024-09-06,delivered,cash,EUR,48.12,4.0,192.48,app
1217,ORD101217,C75916,2024-07-02,2024-07-09,cancelled,paypal,EUR,76.49,2.0,152.98,web
1416,ORD101416,C67141,2024-02-18,2024-02-22,delivered,credit_card,EUR,28.59,4.0,114.36,app
2157,ORD102157,C66897,2025-02-23,2025-03-03,delivered,cash,EUR,27.93,2.0,55.86,web
1676,ORD101676,C23480,2024-08-09,2024-08-13,shipped,credit_card,EUR,46.58,3.0,139.74,app
1197,ORD101197,C98361,2024-10-28,2024-11-03,delivered,credit_card,EUR,26.6,3.0,79.8,app
1542,ORD101542,C17997,2025-07-09,2025-07-17,delivered,cash,EUR,38.5,4.0,154.0,web
953,ORD100953,C48510,2024-09-11,2024-09-13,delivered,credit_card,USD,36.89,4.0,147.56,app
750,ORD100750,C96515,2024-09-04,2024-09-06,processing,credit_card,EUR,50.55,1.0,50.55,web
234,ORD100234,C54348,2024-11-23,2024-12-02,delivered,paypal,USD,25.98,3.0,77.94,web
732,ORD100732,C92945,2025-05-09,2025-05-12,delivered,paypal,USD,26.4,3.0,79.2,app
2562,ORD102040,C36069,2025-03-13,2025-03-14,delivered,paypal,USD,30.02,3.0,90.06,partner
1156,ORD101156,C20814,2025-01-11,2025-01-15,delivered,card,EUR,41.1,2.0,82.2,app
2203,ORD102203,C40251,2025-09-16,2025-09-19,delivered,cash,EUR,37.06,4.0,148.24,web
1209,ORD101209,C96688,2025-09-13,2025-09-20,shipped,paypal,EUR,10.61,1.0,10.61,app
1065,ORD101065,C44905,2024-07-09,2024-07-12,cancelled,cash,EUR,8.88,4.0,35.52,app
1062,ORD101062,C22965,2024-11-03,2024-11-05,processing,credit_card,USD,17.39,3.0,52.17,partner
1167,ORD101167,C45869,2024-05-12,2024-05-17,delivered,credit_card,EUR,25.49,1.0,25.49,partner
1492,ORD101492,C12632,2024-04-12,2024-04-19,delivered,paypal,EUR,34.21,4.0,136.84,app
2119,ORD102119,C73124,2025-10-18,2025-10-23,delivered,paypal,EUR,31.07,1.0,31.07,app
884,ORD100884,C83198,2025-08-06,2025-08-07,delivered,credit_card,EUR,26.29,1.0,26.29,app
143,ORD100143,C46767,2024-12-06,2024-12-13,cancelled,cash,EUR,-10.0,2.0,67.84,app
2522,ORD101778,C37701,2025-06-20,2025-06-29,delivered,credit_card,EUR,43.29,1.0,43.29,web
850,ORD100850,C98203,2024-04-26,2024-04-29,delivered,cash,USD,34.65,5.0,173.25,web
717,ORD100717,C54293,2024-11-10,2024-11-17,delivered,cash,EUR,31.72,5.0,158.6,web
2439,ORD102439,C15947,2024-09-04,2024-09-10,delivered,cash,EUR,19.75,1.0,19.75,web
264,ORD100264,C99070,2024-05-29,2024-06-03,delivered,credit_card,EUR,85.1,5.0,425.5,web
75,ORD100075,C52812,2024-08-28,2024-09-04,shipped,credit_card,USD,21.16,5.0,105.8,web
395,ORD100395,C88709,2025-01-27,2025-02-04,delivered,credit_card,EUR,45.32,2.0,90.64,web
2180,ORD102180,C72984,2024-08-25,2024-08-28,processing,credit_card,EUR,40.2,5.0,201.0,web
2403,ORD102403,C59581,2025-06-10,2025-06-12,cancelled,credit_card,EUR,29.87,3.0,89.61,partner
396,ORD100396,C14030,2025-04-27,2025-05-03,processing,credit_card,EUR,18.51,5.0,92.55,app
1365,ORD101365,C11590,2025-07-21,2025-07-28,delivered,credit_card,EUR,25.18,2.0,50.36,app
2140,ORD102140,,2025-09-07,2025-09-14,delivered,credit_card,EUR,26.36,3.0,79.08,app
1903,ORD101903,C32356,2025-11-15,2025-11-19,delivered,credit_card,EUR,74.1,2.0,148.2,web
595,ORD100595,C82181,2025-07-03,2025-07-10,delivered,paypal,USD,16.28,1.0,16.28,web
2109,ORD102109,C35516,2024-11-14,2024-11-16,processing,credit_card,EUR,25.51,4.0,102.04,app
1296,ORD101296,C33667,2025-05-17,2025-05-19,shipped,paypal,EUR,36.74,3.0,110.22,web
1821,ORD101821,C78831,2024-11-23,2024-11-27,delivered,cash,EUR,54.45,2.0,108.9,web
872,ORD100872,C20235,2024-08-13,2024-08-16,cancelled,credit_card,EUR,56.09,3.0,168.27,web
1548,ORD101548,C54458,2024-09-02,2024-09-06,delivered,paypal,USD,13.68,2.0,27.36,web
36,ORD100036,C87245,2024-08-26,2024-09-01,shipped,cash,EUR,14.38,1.0,14.38,partner
2164,ORD102164,C95899,2024-08-16,2024-08-21,delivered,cash,EUR,22.89,2.0,45.78,web
2187,ORD102187,C33202,2024-07-29,2024-07-30,delivered,credit_card,USD,32.51,1.0,32.51,web
977,ORD100977,C61520,2025-01-23,2025-01-27,processing,credit_card,EUR,17.34,4.0,69.36,web
1571,ORD101571,C42537,2025-07-26,2025-07-28,shipped,credit_card,EUR,19.3,0.0,19.3,web
1122,ORD101122,C34198,2024-08-29,2024-09-06,delivered,paypal,EUR,28.46,4.0,113.84,app
1892,ORD101892,C89108,2024-01-09,2024-01-14,delivered,credit_card,EUR,20.8,1.0,20.8,app
675,ORD100675,C75313,2025-02-11,2025-02-15,delivered,cash,USD,20.17,2.0,40.34,app
728,ORD100728,C53936,2025-06-23,2025-06-28,shipped,cash,USD,27.48,1.0,27.48,web
412,ORD100412,C35136,2024-12-10,2024-12-16,delivered,credit_card,EUR,28.47,3.0,85.41,web
1516,ORD101516,C53436,2024-07-16,2024-07-18,delivered,paypal,EUR,17.14,5.0,85.7,web
1649,ORD101649,C85261,2024-10-12,2024-10-20,delivered,credit_card,EUR,31.82,1.0,31.82,app
825,ORD100825,C18139,2025-07-26,2025-07-29,cancelled,credit_card,EUR,21.37,2.0,42.74,app
616,ORD100616,C32481,2025-04-04,2025-04-09,delivered,,EUR,21.39,4.0,85.56,web
114,ORD100114,C55504,2024-03-17,2024-03-21,delivered,credit_card,EUR,26.82,1.0,26.82,app
417,ORD100417,C20964,2025-11-22,2025-11-25,cancelled,cash,EUR,46.67,2.0,93.34,web
1625,ORD101625,C99376,2025-01-03,2025-01-08,delivered,cash,USD,33.54,3.0,100.62,web
2520,ORD101234,C67330,2024-08-23,2024-08-30,delivered,credit_card,EUR,41.92,1.0,41.92,app
89,ORD100089,C84902,2024-09-09,2024-09-13,delivered,credit_card,EUR,20.42,1.0,20.42,web
2082,ORD102082,C39238,2024-04-30,2024-05-08,cancelled,paypal,EUR,21.33,5.0,106.65,web
753,ORD100753,C94250,2024-09-28,2024-09-30,done,paypal,USD,36.06,2.0,72.12,web
1630,ORD101630,C61541,2024-01-07,2024-01-16,shipped,paypal,EUR,32.83,2.0,65.66,app
11,ORD100011,C97805,2025-09-15,2025-09-20,delivered,credit_card,EUR,28.19,2.0,56.38,web
284,ORD100284,C49704,2025-10-28,2025-10-30,delivered,credit_card,EUR,29.8,3.0,89.4,web
1066,ORD101066,C93307,2024-11-04,2024-11-10,cancelled,credit_card,USD,26.66,5.0,133.3,app
1191,ORD101191,C35021,2025-04-03,2025-04-12,shipped,credit_card,EUR,8.04,5.0,40.2,web
1440,ORD101440,C80158,2025-02-02,2025-02-08,delivered,credit_card,EUR,48.78,2.0,97.56,web
2405,ORD102405,C84568,2025-04-13,2025-04-16,delivered,credit_card,EUR,17.7,3.0,53.1,app
2404,ORD102404,C44555,2024-05-18,2024-05-20,shipped,credit_card,EUR,18.63,2.0,37.26,web
2323,ORD102323,C68702,2025-12-13,2025-12-20,shipped,cash,EUR,22.71,3.0,68.13,app
1568,ORD101568,C91847,2025-06-23,2025-06-26,processing,paypal,EUR,54.56,5.0,272.8,web
2207,ORD102207,C85524,2025-02-04,2025-02-10,delivered,apple_pay,USD,27.88,5.0,139.4,web
1687,ORD101687,C46716,2024-06-05,2024-06-09,delivered,cash,EUR,21.91,2.0,43.82,web
851,ORD100851,C82132,2025-11-17,2025-11-19,delivered,cash,USD,-10.0,2.0,44.82,app
895,ORD100895,C65038,2025-08-04,2025-08-05,processing,paypal,EUR,22.35,3.0,67.05,web
496,ORD100496,C20700,2024-08-08,2024-08-12,shipped,cash,EUR,26.19,2.0,52.38,web
1782,ORD101782,C12131,2024-05-04,2024-05-11,shipped,paypal,EUR,27.03,1.0,27.03,web
335,ORD100335,C82741,2025-02-01,2025-02-04,shipped,paypal,EUR,34.72,5.0,173.6,web
515,ORD100515,C19474,2024-12-02,2024-12-11,shipped,cash,EUR,57.32,5.0,286.6,web
1348,ORD101348,C76122,2025-06-25,2025-07-02,delivered,credit_card,EUR,14.77,3.0,44.31,web
1015,ORD101015,C85363,2025-12-11,2025-12-17,shipped,credit_card,EUR,49.96,4.0,199.84,app
2411,ORD102411,C14451,2025-01-27,2025-01-31,delivered,paypal,EUR,11.4,4.0,45.6,partner
1781,ORD101781,C40552,2025-10-16,2025-10-21,delivered,credit_card,USD,62.13,1.0,62.13,web
1785,ORD101785,C31923,2025-07-14,2025-07-20,delivered,credit_card,EUR,21.65,4.0,86.6,app
2070,ORD102070,C27054,2025-05-20,2025-05-26,delivered,paypal,EUR,25.97,3.0,77.91,web
356,ORD100356,C23638,2025-02-19,2025-02-21,shipped,credit_card,EUR,15.33,1.0,15.33,web
2446,ORD102446,C79617,2024-09-27,2024-10-04,delivered,crypto,USD,23.58,3.0,70.74,app
1312,ORD101312,C80164,2025-05-08,2025-05-17,delivered,cash,EUR,43.53,2.0,87.06,app
1635,ORD101635,C58257,2025-12-10,2025-12-17,delivered,credit_card,EUR,37.75,2.0,75.5,app
550,ORD100550,C82278,2025-09-03,2025-09-11,cancelled,credit_card,EUR,36.63,5.0,183.15,web
1227,ORD101227,C98611,2025-01-20,2025-01-24,delivered,credit_card,EUR,68.13,5.0,340.65,web
2295,ORD102295,C82124,2024-05-18,2024-05-20,delivered,cash,EUR,18.77,1.0,18.77,app
957,ORD100957,C67115,2024-01-23,2024-01-24,processing,credit_card,USD,32.94,4.0,131.76,web
1773,ORD101773,C45469,2024-08-17,2024-08-24,cancelled,cash,EUR,57.95,2.0,115.9,web
2141,ORD102141,C88758,2024-01-24,2024-01-31,delivered,paypal,EUR,13.52,3.0,40.56,app
1008,ORD101008,C76004,2024-02-12,2024-02-14,shipped,paypal,USD,15.37,0.0,46.11,app
1092,ORD101092,C85864,2025-12-20,2025-12-26,cancelled,paypal,USD,32.12,3.0,96.36,web
2289,ORD102289,C47499,2025-03-11,2025-03-14,shipped,credit_card,USD,23.81,3.0,71.43,web
996,ORD100996,C57373,2024-03-16,2024-03-18,shipped,credit_card,EUR,23.5,2.0,47.0,partner
1679,ORD101679,C56311,2024-12-07,2024-12-16,cancelled,credit_card,EUR,11.05,4.0,44.2,app
153,ORD100153,C36423,2024-09-29,2024-10-05,shipped,credit_card,EUR,18.73,4.0,74.92,app
580,ORD100580,C18398,2024-11-17,2024-11-22,delivered,crypto,EUR,32.19,4.0,128.76,web
1470,ORD101470,C90800,2024-12-15,2024-12-17,processing,credit_card,USD,32.21,2.0,64.42,web
703,ORD100703,C25416,2024-04-12,2024-04-17,shipped,paypal,EUR,53.37,3.0,160.11,web
1212,ORD101212,C51465,2025-08-12,2025-08-21,processing,credit_card,EUR,28.0,1.0,28.0,partner
896,ORD100896,C55837,2024-11-27,2024-12-05,delivered,credit_card,EUR,30.31,2.0,60.62,app
487,ORD100487,C57768,2025-07-25,2025-08-03,delivered,credit_card,USD,27.6,1.0,27.6,web
559,ORD100559,C86600,2024-07-18,2024-07-23,delivered,credit_card,USD,-1.0,3.0,61.62,web
1141,ORD101141,C40460,2025-11-09,2025-11-14,delivered,credit_card,USD,24.86,1.0,24.86,web
1119,ORD101119,C54395,2024-03-04,2024-03-13,processing,credit_card,EUR,-1.0,3.0,64.05,web
512,ORD100512,C85676,2024-02-03,2024-02-06,shipped,credit_card,EUR,19.43,3.0,58.29,partner
633,ORD100633,C44151,2024-02-29,2024-03-09,delivered,,USD,26.18,2.0,52.36,web
2532,ORD101976,C93861,2025-11-17,2025-11-22,delivered,paypal,EUR,34.68,5.0,173.4,app
1664,ORD101664,C57272,2025-06-06,2025-06-07,shipped,,EUR,53.24,1.0,53.24,web
1012,ORD101012,C32132,2024-04-03,2024-04-07,processing,credit_card,EUR,38.49,1.0,38.49,web
1931,ORD101931,C53382,2024-03-05,2024-03-13,processing,paypal,EUR,0.0,2.0,44.48,web
1150,ORD101150,C43287,2024-03-28,2024-04-06,delivered,paypal,EUR,48.55,1.0,48.55,web
2408,ORD102408,C51772,2025-08-06,2025-08-08,shipped,credit_card,EUR,16.31,3.0,48.93,web
116,ORD100116,C13353,2025-12-26,2025-12-30,delivered,paypal,EUR,13.72,-1.0,68.6,app
740,ORD100740,C83539,2024-06-01,2024-06-06,cancelled,paypal,EUR,45.07,4.0,180.28,app
2371,ORD102371,C84078,2025-11-30,2025-12-07,delivered,paypal,USD,40.25,3.0,120.75,web
1974,ORD101974,C60323,2025-09-13,2025-09-21,delivered,credit_card,EUR,35.7,1.0,35.7,web
1081,ORD101081,,2025-07-13,2025-07-21,shipped,credit_card,EUR,50.44,2.0,100.88,web
1810,ORD101810,C32026,2025-01-14,2025-01-16,delivered,credit_card,EUR,29.9,2.0,59.8,app
830,ORD100830,C32132,2025-03-25,2025-03-26,processing,paypal,EUR,40.48,5.0,202.4,web
119,ORD100119,C20307,2025-11-22,2025-11-24,processing,credit_card,USD,17.76,2.0,35.52,web
656,ORD100656,C78964,2025-07-17,2025-07-22,delivered,cash,USD,18.01,3.0,54.03,web
2344,ORD102344,C62878,2025-07-03,2025-07-08,delivered,credit_card,EUR,23.53,2.0,47.06,web
2305,ORD102305,C18648,2025-07-04,2025-07-06,shipped,credit_card,USD,44.35,4.0,177.4,app
2514,ORD100443,C53972,2024-05-17,2024-05-21,delivered,paypal,EUR,27.57,1.0,27.57,web
635,ORD100635,C71716,2024-01-12,2024-01-15,shipped,paypal,EUR,24.45,4.0,97.8,app
369,ORD100369,C79480,2024-05-30,2024-06-03,,credit_card,EUR,31.81,3.0,95.43,web
268,ORD100268,C65120,2024-12-15,2024-12-20,cancelled,cash,USD,21.08,1.0,21.08,web
46,ORD100046,C50111,2025-08-04,2025-08-13,processing,credit_card,EUR,37.35,1.0,37.35,app
991,ORD100991,C59422,2025-04-09,2025-04-18,delivered,paypal,USD,39.52,2.0,79.04,app
876,ORD100876,C58584,2025-01-04,2025-01-05,delivered,paypal,EUR,59.81,2.0,119.62,web
773,ORD100773,C74597,2024-10-21,2024-10-28,shipped,credit_card,EUR,28.35,3.0,85.05,app
1219,ORD101219,C49607,2024-07-11,2024-07-15,delivered,credit_card,EUR,34.49,3.0,103.47,app
1126,ORD101126,C86870,2025-07-17,2025-07-25,cancelled,credit_card,EUR,51.78,1.0,51.78,web
4,ORD100004,C48970,2024-02-07,2024-02-14,delivered,credit_card,EUR,38.89,3.0,116.67,web
1595,ORD101595,C24893,2025-02-03,2025-02-06,delivered,credit_card,EUR,14.32,2.0,28.64,web
1077,ORD101077,C24931,2025-09-18,2025-09-26,delivered,credit_card,EUR,14.28,1.0,14.28,app
837,ORD100837,C27838,2024-02-06,2024-02-09,cancelled,credit_card,EUR,48.74,3.0,146.22,web
681,ORD100681,C22366,2024-05-22,2024-05-30,delivered,credit_card,EUR,29.68,2.0,59.36,web
1715,ORD101715,C89052,2025-12-26,2025-12-27,delivered,paypal,EUR,37.45,5.0,187.25,web
2197,ORD102197,C87450,2024-03-06,2024-03-07,delivered,cash,EUR,41.47,3.0,124.41,web
1148,ORD101148,C72023,2025-12-31,2026-01-05,delivered,cash,EUR,55.17,0.0,275.85,web
574,ORD100574,C10636,2025-03-01,2025-03-04,cancelled,credit_card,USD,14.86,3.0,44.58,app
50,ORD100050,C78390,2025-04-23,2025-04-27,delivered,credit_card,USD,17.52,3.0,52.56,app
853,ORD100853,C31469,2025-06-16,2025-06-21,delivered,credit_card,EUR,51.58,4.0,206.32,web
1982,ORD101982,C14868,2025-09-02,2025-09-06,shipped,credit_card,USD,32.11,5.0,160.55,app
1823,ORD101823,C88903,2024-07-12,2024-07-20,delivered,credit_card,EUR,38.96,4.0,155.84,app
833,ORD100833,C22871,2025-09-12,2025-09-21,delivered,paypal,EUR,33.48,1.0,33.48,web
1115,ORD101115,C54117,2024-11-22,2024-11-30,shipped,paypal,EUR,26.22,3.0,78.66,app
1166,ORD101166,C11974,2025-03-06,2025-03-13,delivered,paypal,EUR,12.51,5.0,62.55,web
1906,ORD101906,C36652,2024-07-08,2024-07-10,processing,paypal,EUR,29.23,2.0,58.46,app
971,ORD100971,C47655,2025-06-29,2025-07-03,delivered,credit_card,USD,26.77,5.0,133.85,app
399,ORD100399,C37928,2024-05-27,2024-06-05,delivered,credit_card,EUR,30.56,2.0,61.12,web
19,ORD100019,C50534,2025-12-29,2026-01-01,delivered,credit_card,EUR,49.47,5.0,247.35,app
684,ORD100684,C25245,2025-04-05,2025-04-09,delivered,credit_card,EUR,26.67,1.0,26.67,app
35,ORD100035,C15743,2025-12-16,2025-12-20,delivered,credit_card,USD,35.66,3.0,106.98,web
2430,ORD102430,C21904,2024-01-11,2024-01-19,shipped,paypal,EUR,14.1,4.0,56.4,app
524,ORD100524,C38684,2024-09-30,2024-10-01,delivered,credit_card,EUR,26.29,4.0,105.16,web
920,ORD100920,C88541,2025-01-12,2025-01-14,cancelled,credit_card,EUR,22.14,2.0,44.28,partner
1841,ORD101841,C18727,2024-11-01,2024-11-06,delivered,cash,EUR,15.69,5.0,78.45,web
1890,ORD101890,C26670,2024-05-12,2024-05-16,delivered,paypal,EUR,28.9,1.0,28.9,web
537,ORD100537,C20393,2024-04-22,2024-04-26,delivered,paypal,EUR,23.01,1.0,23.01,web
1705,ORD101705,C87307,2025-08-12,2025-08-17,shipped,credit_card,USD,38.65,2.0,77.3,app
2513,ORD101737,C18987,2024-03-20,2024-03-27,cancelled,credit_card,EUR,75.27,3.0,225.81,web
245,ORD100245,C17599,2024-10-23,2024-10-28,shipped,paypal,EUR,19.95,2.0,39.9,web
784,ORD100784,C53035,2024-10-29,2024-11-04,delivered,credit_card,EUR,44.48,2.0,88.96,web
1409,ORD101409,C35491,2025-10-24,2025-10-30,cancelled,credit_card,EUR,60.98,2.0,121.96,web
154,ORD100154,C49088,2025-09-14,2025-09-20,delivered,credit_card,EUR,39.83,4.0,159.32,app
1686,ORD101686,C48520,2024-07-13,2024-07-21,delivered,cash,EUR,26.54,1.0,26.54,web
625,ORD100625,C30931,2025-10-12,2025-10-15,delivered,paypal,EUR,39.19,1.0,39.19,web
2464,ORD102464,C51750,2025-11-21,2025-11-24,delivered,cash,EUR,18.84,4.0,75.36,web
1346,ORD101346,C87009,2025-07-18,2025-07-20,shipped,cash,USD,34.07,4.0,136.28,web
569,ORD100569,C61410,2024-02-21,2024-02-27,delivered,cash,USD,28.75,2.0,57.5,app
1758,ORD101758,C61425,2025-03-17,2025-03-18,x_cancel,credit_card,EUR,36.17,2.0,72.34,web
1816,ORD101816,C31062,2025-12-16,2025-12-25,processing,paypal,USD,41.25,1.0,41.25,web
2065,ORD102065,C55803,2024-09-04,2024-09-08,shipped,paypal,EUR,,4.0,101.68,web
127,ORD100127,C78849,2024-01-04,2024-01-13,delivered,credit_card,USD,28.13,4.0,112.52,web
2549,ORD100998,C96558,2024-03-30,2024-04-07,delivered,cash,EUR,47.47,5.0,237.35,app
2006,ORD102006,C49064,2024-07-30,2024-08-05,delivered,paypal,EUR,16.97,2.0,33.94,web
980,ORD100980,C63073,2025-08-07,2025-08-09,delivered,credit_card,EUR,41.46,2.0,82.92,web
190,ORD100190,C71532,2025-06-17,2025-06-26,processing,paypal,EUR,12.41,1.0,12.41,web
1139,ORD101139,C58556,2025-03-29,2025-04-07,delivered,credit_card,EUR,27.59,3.0,82.77,web
992,ORD100992,C27727,2024-09-28,2024-10-03,cancelled,cash,EUR,31.75,3.0,95.25,web
699,ORD100699,C18554,2024-07-12,2024-07-19,processing,credit_card,EUR,28.52,2.0,57.04,app
606,ORD100606,C39077,2025-09-20,2025-09-25,delivered,credit_card,EUR,,5.0,205.6,app
180,ORD100180,C94423,2024-03-26,2024-03-31,cancelled,paypal,USD,23.91,5.0,119.55,web
301,ORD100301,C84365,2024-11-21,2024-11-23,delivered,paypal,USD,43.58,2.0,87.16,app
1060,ORD101060,C79353,2024-02-19,2024-02-28,shipped,paypal,EUR,22.34,2.0,44.68,app
2422,ORD102422,C19343,2025-02-09,2025-02-18,delivered,credit_card,EUR,37.01,5.0,185.05,web
2465,ORD102465,C27593,2024-03-18,2024-03-26,delivered,credit_card,EUR,23.13,5.0,115.65,app
1069,ORD101069,C10965,2024-06-29,2024-07-03,delivered,credit_card,EUR,37.02,4.0,148.08,web
2205,ORD102205,C81775,2024-06-20,2024-06-24,delivered,credit_card,EUR,30.82,3.0,92.46,app
1243,ORD101243,C54072,2024-11-17,2024-11-21,delivered,paypal,EUR,19.52,3.0,58.56,web
16,ORD100016,C56189,2025-05-20,2025-05-25,delivered,credit_card,USD,32.47,0.0,129.88,app
2552,ORD100770,C68671,2024-04-30,2024-05-05,processing,paypal,EUR,21.29,2.0,42.58,web
546,ORD100546,C48632,2025-06-15,2025-06-22,delivered,cash,EUR,19.67,1.0,19.67,web
658,ORD100658,C16521,2025-05-03,2025-05-04,processing,credit_card,EUR,31.72,5.0,158.6,app
2505,ORD101325,C26883,2025-10-22,2025-10-23,delivered,credit_card,USD,22.88,4.0,91.52,web
2347,ORD102347,C77708,2024-03-11,2024-03-20,shipped,credit_card,EUR,12.72,3.0,38.16,web
1504,ORD101504,C63771,2025-08-08,2025-08-15,delivered,paypal,EUR,22.61,3.0,67.83,web
959,ORD100959,C47062,2024-10-16,2024-10-20,shipped,credit_card,EUR,17.08,1.0,17.08,app
797,ORD100797,C51268,2025-10-25,2025-11-03,delivered,cash,EUR,27.5,3.0,82.5,app
225,ORD100225,C37535,2025-03-28,2025-04-02,shipped,credit_card,EUR,21.9,5.0,109.5,web
2074,ORD102074,C72686,2025-06-03,2025-06-10,cancelled,paypal,EUR,61.92,5.0,309.6,web
1799,ORD101799,C56980,2024-03-09,2024-03-14,shipped,credit_card,EUR,33.31,3.0,99.93,web
2538,ORD100015,C80745,2025-08-22,2025-08-27,cancelled,credit_card,EUR,76.93,3.0,230.79,web
2277,ORD102277,C14627,2025-06-30,2025-07-05,delivered,paypal,EUR,27.38,2.0,54.76,app
2085,ORD102085,C68995,2025-03-22,2025-03-29,shipped,paypal,USD,21.26,1.0,21.26,app
1693,ORD101693,C45550,2024-01-29,2024-01-31,cancelled,paypal,EUR,30.22,,90.66,web
1045,ORD101045,C23825,2025-04-06,2025-04-12,delivered,credit_card,EUR,86.51,3.0,259.53,app
469,ORD100469,C93971,2025-04-11,2025-04-19,delivered,credit_card,EUR,39.05,1.0,39.05,web
954,ORD100954,C80701,2025-08-21,2025-08-25,processing,credit_card,EUR,18.49,5.0,92.45,web
2548,ORD100332,C37895,2024-08-07,2024-08-15,delivered,credit_card,EUR,17.94,5.0,89.7,web
639,ORD100639,C95396,2024-12-27,2025-01-05,delivered,credit_card,EUR,50.13,4.0,200.52,app
2384,ORD102384,C26527,2024-01-05,2024-01-13,cancelled,credit_card,EUR,23.51,3.0,70.53,app
1218,ORD101218,C82828,2025-05-13,2025-05-19,processing,credit_card,EUR,29.92,1.0,29.92,app
1158,ORD101158,C44579,2024-09-01,2024-09-10,cancelled,credit_card,EUR,24.38,1.0,24.38,web
1415,ORD101415,C80543,2024-02-27,2024-03-04,delivered,credit_card,EUR,26.13,4.0,104.52,web
2326,ORD102326,C40798,2024-05-23,2024-05-29,delivered,cash,USD,60.06,1.0,60.06,web
1527,,C22438,2024-11-18,2024-11-21,shipped,credit_card,USD,26.52,4.0,106.08,app
2504,ORD101310,C57176,2024-06-16,2024-06-17,delivered,credit_card,USD,51.59,1.0,51.59,web
1300,ORD101300,C78367,2025-11-05,2025-11-08,delivered,credit_card,EUR,51.08,4.0,204.32,app
2458,ORD102458,C52719,2025-11-02,2025-11-08,,credit_card,EUR,24.53,2.0,49.06,web
1603,ORD101603,C38543,2024-01-12,2024-01-13,delivered,credit_card,EUR,15.53,1.0,15.53,web
160,ORD100160,C99648,2024-11-13,2024-11-22,cancelled,cash,EUR,31.95,1.0,31.95,web
1704,ORD101704,C92790,2024-08-04,2024-08-08,,credit_card,EUR,27.56,2.0,55.12,web
956,ORD100956,C46070,2025-07-02,2025-07-06,processing,credit_card,USD,24.11,5.0,120.55,web
2499,ORD102499,C93669,2024-12-30,2025-01-07,shipped,credit_card,EUR,49.75,4.0,199.0,web
877,ORD100877,C77066,2025-03-01,2025-03-05,processing,credit_card,USD,35.14,2.0,70.28,app
1919,ORD101919,C57676,2024-03-17,2024-03-19,delivered,credit_card,USD,76.7,3.0,230.1,app
1884,ORD101884,C65593,2024-10-07,2024-10-09,cancelled,cash,EUR,21.9,4.0,87.6,partner
2200,ORD102200,C42939,2025-10-11,2025-10-20,processing,credit_card,EUR,32.45,2.0,64.9,app
98,ORD100098,C67307,2025-12-08,2025-12-11,processing,paypal,EUR,56.74,1.0,56.74,web
2428,ORD102428,C77912,2024-05-13,2024-05-16,shipped,credit_card,EUR,24.15,5.0,120.75,web
253,ORD100253,C39687,2025-04-21,2025-04-25,delivered,paypal,USD,29.83,3.0,89.49,web
103,ORD100103,C10662,2025-02-15,2025-02-20,shipped,paypal,EUR,42.09,4.0,168.36,app
1445,ORD101445,C13225,2025-06-19,2025-06-20,cancelled,credit_card,EUR,17.76,1.0,17.76,web
1443,ORD101443,C48967,2025-12-09,2025-12-11,shipped,paypal,EUR,89.35,2.0,178.7,web
1648,ORD101648,C97902,2025-09-22,2025-09-29,delivered,cash,EUR,19.71,4.0,78.84,web
586,ORD100586,C72043,2024-05-12,2024-05-17,delivered,credit_card,USD,26.79,5.0,133.95,web
627,ORD100627,C43075,2025-10-26,2025-10-30,delivered,paypal,EUR,37.7,0.0,37.7,app
1696,ORD101696,C52191,2025-02-08,2025-02-17,delivered,credit_card,EUR,17.15,2.0,34.3,web
2101,ORD102101,C70105,2025-11-24,2025-11-29,processing,credit_card,EUR,37.75,2.0,75.5,app
2199,ORD102199,C25092,2024-01-18,2024-01-22,shipped,paypal,EUR,30.26,4.0,121.04,web
403,ORD100403,C97463,2025-03-27,2025-04-05,processing,credit_card,EUR,23.96,5.0,119.8,app
1154,ORD101154,C37447,2025-05-03,2025-05-10,delivered,credit_card,EUR,18.3,1.0,18.3,web
2255,ORD102255,C71753,2025-03-16,2025-03-21,delivered,credit_card,EUR,37.69,3.0,113.07,web
1682,ORD101682,C13165,2024-03-14,2024-03-18,shipped,credit_card,EUR,19.46,1.0,19.46,app
2056,ORD102056,C76124,2024-04-23,2024-04-26,shipped,cash,EUR,16.32,2.0,32.64,app
2441,ORD102441,C10096,2024-11-22,2024-11-28,delivered,paypal,EUR,12.03,3.0,36.09,web
452,ORD100452,C54924,2025-11-15,2025-11-21,delivered,paypal,USD,30.08,3.0,90.24,app
2301,ORD102301,C22951,2025-03-12,2025-03-15,delivered,paypal,EUR,21.27,1.0,21.27,app
1327,ORD101327,C17632,2025-02-05,2025-02-07,delivered,credit_card,USD,33.5,4.0,134.0,web
2049,ORD102049,C69398,2025-09-27,2025-09-30,delivered,credit_card,EUR,16.78,4.0,67.12,web
880,ORD100880,C17742,2025-08-31,2025-09-01,delivered,credit_card,EUR,12.96,4.0,51.84,web
2501,ORD101065,C44905,2024-07-09,2024-07-12,cancelled,cash,EUR,8.88,4.0,35.52,app
623,ORD100623,C47519,2025-03-24,2025-03-29,delivered,paypal,EUR,39.57,5.0,197.85,web
2378,ORD102378,C98895,2025-05-05,2025-05-14,delivered,credit_card,EUR,9.64,4.0,38.56,web
1787,ORD101787,C18903,2025-08-12,2025-08-18,delivered,paypal,EUR,53.19,2.0,106.38,web
262,ORD100262,C36999,2024-09-23,2024-10-01,delivered,credit_card,EUR,40.44,2.0,80.88,app
1634,ORD101634,C47353,2025-12-22,2025-12-28,delivered,paypal,EUR,25.46,5.0,127.3,web
1438,ORD101438,C38705,2025-06-12,2025-06-15,delivered,cash,EUR,43.81,1.0,43.81,app
2198,ORD102198,C61387,2024-08-07,2024-08-08,delivered,paypal,EUR,41.14,5.0,205.7,web
1969,ORD101969,C23758,2025-07-01,2025-07-09,delivered,credit_card,EUR,70.68,2.0,141.36,web
1802,ORD101802,C50922,2024-04-07,2024-04-16,processing,credit_card,EUR,37.52,2.0,75.04,app
640,ORD100640,C70375,2024-12-25,2024-12-29,delivered,credit_card,EUR,34.84,4.0,139.36,web
2431,ORD102431,C56972,2025-06-20,2025-06-28,shipped,paypal,EUR,29.96,5.0,149.8,app
1959,ORD101959,C26851,2025-04-22,2025-04-27,cancelled,cash,USD,15.19,2.0,30.38,app
488,ORD100488,C78862,2025-10-22,2025-10-27,delivered,credit_card,EUR,81.43,4.0,325.72,web
1843,ORD101843,C86120,2024-07-07,2024-07-14,delivered,credit_card,EUR,75.79,2.0,151.58,web
1734,ORD101734,C87507,2024-07-08,2024-07-16,in_progress,credit_card,EUR,19.88,1.0,19.88,web
146,ORD100146,C13122,2025-02-19,2025-02-23,shipped,cash,EUR,18.39,4.0,73.56,app
1534,ORD101534,C83489,2024-11-07,2024-11-11,delivered,credit_card,EUR,8.0,1.0,8.0,web
1986,ORD101986,C84458,2025-02-01,2025-02-07,shipped,credit_card,EUR,28.66,1.0,28.66,partner
1369,ORD101369,C67107,2025-06-04,2025-06-13,delivered,paypal,EUR,87.02,1.0,87.02,web
2517,ORD100460,C75098,2025-11-04,2025-11-08,shipped,paypal,EUR,34.17,1.0,34.17,app
659,ORD100659,C35933,2025-09-30,2025-10-03,delivered,paypal,EUR,40.87,5.0,204.35,web
1794,ORD101794,C53024,2025-11-08,2025-11-16,cancelled,paypal,EUR,16.61,3.0,49.83,app
186,ORD100186,C24959,2024-06-27,2024-07-03,delivered,credit_card,EUR,71.29,2.0,142.58,partner
1147,ORD101147,C79175,2025-03-16,2025-03-23,delivered,credit_card,EUR,28.12,0.0,56.24,partner
608,ORD100608,C97027,2025-10-20,2025-10-25,delivered,credit_card,EUR,18.39,1.0,18.39,partner
2191,ORD102191,C46898,2024-02-18,2024-02-22,delivered,credit_card,EUR,22.24,2.0,44.48,app
1930,ORD101930,C18047,2025-11-04,2025-11-12,delivered,credit_card,EUR,26.46,5.0,132.3,app
197,ORD100197,C20620,2024-11-01,2024-11-06,delivered,credit_card,USD,38.91,4.0,155.64,app
2327,ORD102327,C25119,2025-01-27,2025-01-31,delivered,credit_card,EUR,20.29,4.0,81.16,app
293,ORD100293,C39840,2025-01-26,2025-02-01,processing,paypal,EUR,9.92,5.0,49.6,app
766,ORD100766,C65140,2025-06-23,2025-06-27,delivered,credit_card,USD,61.23,2.0,122.46,app
400,ORD100400,C99821,2025-01-05,2025-01-09,delivered,paypal,EUR,25.23,4.0,100.92,web
122,ORD100122,C68897,2024-03-16,2024-03-18,delivered,credit_card,EUR,34.52,4.0,138.08,app
202,ORD100202,C54555,2024-06-10,2024-06-14,delivered,credit_card,EUR,51.52,2.0,103.04,app
835,ORD100835,,2024-06-15,2024-06-16,delivered,credit_card,EUR,28.52,4.0,114.08,app
2294,ORD102294,C74299,2024-10-16,2024-10-24,delivered,paypal,EUR,29.14,2.0,58.28,web
1439,ORD101439,C95980,2025-01-07,2025-01-09,delivered,credit_card,USD,43.9,2.0,87.8,partner
1733,ORD101733,C87900,2024-07-12,2024-07-13,shipped,paypal,USD,28.53,2.0,57.06,web
1695,ORD101695,C71431,2024-12-27,2025-01-05,delivered,credit_card,EUR,12.29,1.0,12.29,app
1707,ORD101707,C92131,2025-11-15,2025-11-23,delivered,credit_card,EUR,36.6,4.0,146.4,web
2497,ORD102497,C89952,2025-08-22,2025-08-30,delivered,credit_card,EUR,25.94,2.0,51.88,app
1153,ORD101153,C91858,2025-01-11,2025-01-17,delivered,credit_card,EUR,0.0,5.0,127.1,web
1661,ORD101661,C64968,2024-10-13,2024-10-21,delivered,cash,USD,11.94,5.0,59.7,web
1759,ORD101759,C62288,2024-01-19,2024-01-26,delivered,credit_card,EUR,23.49,2.0,46.98,app
854,ORD100854,C35901,2025-12-13,2025-12-18,delivered,credit_card,EUR,47.81,1.0,47.81,app
1589,ORD101589,C12685,2025-12-18,2025-12-27,delivered,credit_card,EUR,16.3,4.0,65.2,app
2267,ORD102267,C75505,2024-01-07,2024-01-13,delivered,paypal,EUR,27.06,1.0,27.06,app
641,ORD100641,C92470,2024-10-24,2024-10-27,delivered,paypal,EUR,22.92,2.0,45.84,app
1,ORD100001,C79655,2024-03-13,2024-03-22,shipped,paypal,EUR,52.73,2.0,105.46,web
2160,ORD102160,C82822,2025-08-31,2025-09-06,shipped,credit_card,EUR,18.44,3.0,55.32,web
698,ORD100698,C14513,2025-12-16,2025-12-20,delivered,cash,EUR,34.65,2.0,69.3,web
1636,ORD101636,C24886,2025-12-12,2025-12-20,delivered,credit_card,EUR,28.84,5.0,144.2,web
1291,ORD101291,C87230,2024-05-09,2024-05-16,,cash,USD,17.5,3.0,52.5,web
2450,ORD102450,C85584,2024-08-29,2024-09-06,delivered,credit_card,EUR,17.62,2.0,35.24,web
1520,ORD101520,C87756,2024-04-07,2024-04-16,delivered,cash,EUR,13.27,4.0,53.08,web
1853,ORD101853,C24427,2024-10-29,2024-11-01,delivered,credit_card,EUR,15.49,5.0,77.45,web
1136,ORD101136,C75244,2025-01-30,2025-02-01,cancelled,cash,EUR,19.84,5.0,99.2,web
2484,ORD102484,C40943,2024-05-20,2024-05-22,delivered,credit_card,EUR,35.72,4.0,142.88,web
1631,ORD101631,C90756,2025-11-10,2025-11-19,shipped,credit_card,EUR,17.91,5.0,89.55,web
1998,ORD101998,C35257,2024-06-27,2024-07-05,in_progress,cash,USD,41.12,4.0,164.48,app
663,ORD100663,C28216,2024-08-17,2024-08-22,shipped,credit_card,EUR,49.91,4.0,199.64,app
683,ORD100683,C96298,2024-02-12,2024-02-15,delivered,credit_card,EUR,34.3,2.0,68.6,app
1257,ORD101257,C59990,2025-02-04,2025-02-11,delivered,credit_card,EUR,61.06,1.0,61.06,app
317,ORD100317,C75428,2025-09-25,2025-10-02,delivered,cash,EUR,59.75,4.0,239.0,partner
648,ORD100648,C96443,2025-12-24,2025-12-29,cancelled,credit_card,USD,25.45,3.0,76.35,partner
1434,ORD101434,C38750,2024-05-14,2024-05-20,delivered,credit_card,USD,16.83,4.0,67.32,app
1479,ORD101479,C47494,2024-04-20,2024-04-21,shipped,credit_card,EUR,30.93,3.0,92.79,web
709,ORD100709,C51938,2024-06-20,2024-06-27,delivered,,USD,22.86,5.0,114.3,web
1282,ORD101282,C45408,2024-03-17,2024-03-25,processing,credit_card,USD,22.62,5.0,113.1,app
1768,ORD101768,C16091,2024-02-02,2024-02-05,shipped,paypal,USD,17.34,1.0,17.34,web
972,ORD100972,C52954,2025-06-21,2025-06-22,delivered,credit_card,EUR,27.35,1.0,27.35,app
1306,ORD101306,C32918,2024-03-16,2024-03-25,shipped,paypal,EUR,6.41,4.0,25.64,web
1400,ORD101400,C86914,2025-01-13,2025-01-21,delivered,credit_card,EUR,25.69,4.0,102.76,web
1408,ORD101408,C10138,2024-05-23,2024-05-30,delivered,paypal,EUR,41.06,3.0,123.18,partner
2237,ORD102237,C34356,2024-09-24,2024-10-02,delivered,paypal,EUR,14.49,2.0,28.98,web
1496,ORD101496,C59603,2024-01-19,2024-01-23,delivered,credit_card,USD,45.33,5.0,226.65,web
2038,ORD102038,C98916,2025-09-01,2025-09-05,delivered,cash,EUR,13.98,5.0,69.9,web
1529,ORD101529,,2024-10-29,2024-11-01,processing,credit_card,EUR,15.06,5.0,75.3,app
1663,ORD101663,C59818,2024-05-26,2024-06-01,delivered,paypal,EUR,24.38,4.0,97.52,web
1354,ORD101354,C29753,2024-12-18,2024-12-22,shipped,credit_card,EUR,20.87,4.0,83.48,app
2507,ORD100941,C46362,2024-01-18,2024-01-22,delivered,credit_card,EUR,32.79,2.0,65.58,app
2524,ORD101074,C52004,2025-11-27,2025-12-03,delivered,paypal,USD,19.86,1.0,19.86,web
1643,ORD101643,C63510,2024-11-23,2024-11-25,delivered,credit_card,EUR,22.65,2.0,45.3,web
1051,ORD101051,C42842,2025-01-16,2025-01-17,delivered,credit_card,EUR,33.78,3.0,101.34,app
795,ORD100795,C36582,2025-08-04,2025-08-11,processing,paypal,EUR,9.34,2.0,18.68,partner
1597,ORD101597,C75265,2024-04-17,2024-04-22,shipped,credit_card,EUR,16.89,1.0,16.89,web
1819,ORD101819,C36529,2024-02-01,2024-02-02,delivered,cash,EUR,60.02,1.0,60.02,web
1722,ORD101722,C68749,2025-08-26,2025-08-27,delivered,credit_card,EUR,36.12,4.0,144.48,app
1183,ORD101183,C50338,2025-02-20,2025-02-22,,paypal,USD,53.9,4.0,215.6,app
1059,ORD101059,C37986,2024-12-07,2024-12-11,delivered,cash,USD,58.55,5.0,292.75,app
540,ORD100540,C73812,2024-10-15,2024-10-19,delivered,apple_pay,EUR,38.16,3.0,114.48,app
1678,ORD101678,C93179,2024-12-02,2024-12-06,shipped,credit_card,EUR,-10.0,1.0,20.85,partner
2475,ORD102475,C48045,2025-08-09,2025-08-10,delivered,credit_card,EUR,26.71,1.0,26.71,web
1757,ORD101757,C64786,2024-03-06,2024-03-12,delivered,cash,USD,56.18,2.0,112.36,app
1923,ORD101923,C49110,2024-11-28,2024-12-01,delivered,credit_card,EUR,52.59,4.0,210.36,web
95,ORD100095,C35949,2024-05-01,2024-05-10,processing,credit_card,USD,41.21,4.0,164.84,web
1020,ORD101020,C15035,2025-08-26,2025-09-01,delivered,cash,EUR,31.34,1.0,31.34,web
563,ORD100563,C26334,2024-04-03,2024-04-08,cancelled,credit_card,EUR,26.37,3.0,79.11,web
863,ORD100863,C79488,2025-08-22,2025-08-23,delivered,paypal,EUR,26.68,3.0,80.04,web
1484,ORD101484,C47329,2025-09-18,2025-09-25,delivered,cash,EUR,52.72,3.0,158.16,app
1881,ORD101881,C33808,2024-03-25,2024-04-03,delivered,paypal,EUR,16.07,4.0,64.28,app
1038,ORD101038,C49300,2025-01-20,2025-01-28,delivered,credit_card,EUR,25.04,5.0,125.2,web
206,ORD100206,C78779,2025-05-31,2025-06-02,cancelled,credit_card,EUR,20.51,4.0,82.04,web
392,ORD100392,C43048,2024-09-23,2024-10-01,shipped,cash,EUR,20.93,1.0,20.93,app
870,ORD100870,C51057,2025-12-22,2025-12-29,cancelled,paypal,EUR,60.57,1.0,60.57,web
397,ORD100397,C27678,2025-04-02,2025-04-11,delivered,credit_card,EUR,23.67,2.0,47.34,app
2469,ORD102469,C29268,2025-08-19,2025-08-24,shipped,credit_card,EUR,31.39,4.0,125.56,web
1028,ORD101028,C60875,2024-05-16,2024-05-20,cancelled,cash,EUR,18.84,5.0,94.2,web
1485,ORD101485,C87647,2024-09-05,2024-09-06,delivered,cash,EUR,35.35,5.0,176.75,app
960,ORD100960,C23809,2024-10-31,2024-11-02,delivered,credit_card,USD,17.03,4.0,68.12,partner
1570,ORD101570,C17150,2024-03-12,2024-03-15,delivered,paypal,EUR,34.44,4.0,137.76,web
1895,ORD101895,C86619,2025-01-09,2025-01-12,delivered,credit_card,EUR,15.27,1.0,15.27,app
2146,ORD102146,C25881,2025-06-29,2025-07-05,processing,credit_card,EUR,31.45,2.0,62.9,app
804,ORD100804,C76439,2024-03-27,2024-04-02,shipped,credit_card,EUR,32.16,5.0,160.8,partner
1751,ORD101751,C89880,2024-10-08,2024-10-12,delivered,credit_card,EUR,29.81,5.0,149.05,app
2454,ORD102454,C84702,2024-10-01,2024-10-08,delivered,cash,EUR,22.09,4.0,88.36,web
502,ORD100502,C96634,2025-11-10,2025-11-14,delivered,credit_card,EUR,24.13,3.0,72.39,app
779,ORD100779,C86547,2025-06-17,2025-06-26,delivered,credit_card,EUR,17.8,2.0,35.6,app
1863,ORD101863,C43412,2025-12-08,2025-12-14,processing,credit_card,EUR,14.58,1.0,14.58,app
200,ORD100200,C42963,2025-10-06,2025-10-13,shipped,credit_card,EUR,50.33,2.0,100.66,web
2182,ORD102182,C64559,2025-05-24,2025-05-30,shipped,paypal,USD,39.12,3.0,117.36,app
2088,ORD102088,C37452,2025-03-19,2025-03-27,shipped,credit_card,EUR,31.77,2.0,63.54,web
2278,ORD102278,C43185,2024-03-18,2024-03-22,delivered,paypal,EUR,38.38,3.0,115.14,app
1796,ORD101796,C97807,2024-11-21,2024-11-26,delivered,paypal,EUR,39.85,1.0,39.85,web
378,ORD100378,C44198,2025-09-28,2025-09-29,delivered,credit_card,USD,110.95,4.0,443.8,web
2336,ORD102336,C50930,2024-04-10,2024-04-17,delivered,paypal,EUR,39.55,4.0,158.2,app
418,ORD100418,C36687,2025-09-12,2025-09-17,delivered,credit_card,USD,16.44,2.0,32.88,app
1698,ORD101698,C42368,2025-11-27,2025-11-30,delivered,paypal,EUR,10.77,-1.0,32.31,web
391,ORD100391,C26133,2025-02-19,2025-02-20,processing,credit_card,USD,19.07,5.0,95.35,web
1522,ORD101522,C27221,2025-01-31,2025-02-01,delivered,credit_card,USD,13.65,1.0,13.65,app
1162,ORD101162,C86317,2025-12-08,2025-12-14,cancelled,credit_card,USD,43.26,2.0,86.52,web
1495,ORD101495,C48819,2024-09-01,2024-09-02,delivered,credit_card,USD,28.03,5.0,140.15,app
2027,ORD102027,C95504,2024-03-08,2024-03-12,shipped,credit_card,EUR,56.74,5.0,283.7,web
1152,ORD101152,C48777,2024-10-26,2024-10-30,x_cancel,credit_card,USD,34.38,3.0,103.14,web
1367,ORD101367,C50794,2025-08-15,2025-08-23,delivered,credit_card,EUR,15.04,-1.0,75.2,web
64,ORD100064,C46976,2024-11-17,2024-11-26,shipped,cash,EUR,27.23,5.0,136.15,app
2062,ORD102062,C23456,2024-01-16,2024-01-20,delivered,credit_card,EUR,9.99,4.0,39.96,web
1180,ORD101180,C64715,2025-06-02,2025-06-06,shipped,credit_card,EUR,31.09,3.0,93.27,partner
492,ORD100492,C77801,2024-05-21,2024-05-23,delivered,credit_card,EUR,39.78,,39.78,web
379,ORD100379,C33621,2025-12-15,2025-12-18,delivered,paypal,USD,32.82,3.0,98.46,partner
2235,ORD102235,C81165,2024-11-01,2024-11-06,shipped,paypal,EUR,32.82,3.0,98.46,web
763,ORD100763,C94251,2025-09-21,2025-09-22,delivered,cash,USD,70.97,4.0,283.88,web
2264,ORD102264,C19537,2024-11-15,2024-11-17,delivered,credit_card,EUR,42.0,3.0,126.0,web
791,ORD100791,C50888,2024-12-05,2024-12-13,shipped,paypal,USD,22.54,5.0,112.7,web
1076,ORD101076,C74034,2025-04-17,2025-04-20,cancelled,paypal,EUR,17.04,4.0,68.16,app
878,ORD100878,C59343,2025-09-18,2025-09-21,delivered,paypal,EUR,-1.0,3.0,65.76,web
337,ORD100337,C38542,2025-10-19,2025-10-28,delivered,paypal,EUR,32.49,4.0,129.96,app
2343,ORD102343,C76401,2024-05-24,2024-05-25,delivered,credit_card,EUR,37.54,4.0,150.16,web
1016,ORD101016,C44552,2024-05-03,2024-05-07,shipped,credit_card,USD,8.43,4.0,33.72,web
1275,ORD101275,C74192,2024-05-17,2024-05-24,delivered,paypal,EUR,22.85,5.0,114.25,app
455,ORD100455,C59967,2025-12-28,2026-01-06,delivered,credit_card,EUR,25.43,4.0,101.72,web
815,ORD100815,C85319,2025-09-10,2025-09-18,delivered,paypal,EUR,57.87,3.0,173.61,partner
2317,ORD102317,C49268,2024-08-29,2024-09-02,delivered,cash,EUR,43.18,2.0,86.36,app
995,ORD100995,C66340,2025-01-23,2025-01-26,cancelled,credit_card,EUR,39.53,1.0,39.53,web
1981,ORD101981,C66043,2024-08-05,2024-08-11,shipped,cash,EUR,29.86,2.0,59.72,web
201,ORD100201,C91771,2025-08-03,2025-08-07,delivered,credit_card,EUR,56.25,-1.0,112.5,web
161,ORD100161,C69787,2025-07-20,2025-07-22,delivered,cash,USD,13.89,3.0,41.67,web
1579,ORD101579,C64065,2025-07-12,2025-07-17,delivered,cash,EUR,39.2,4.0,156.8,web
2449,ORD102449,C25476,2024-09-26,2024-09-28,shipped,credit_card,EUR,23.01,1.0,23.01,app
702,ORD100702,C25094,2025-07-16,2025-07-18,processing,credit_card,EUR,38.88,2.0,77.76,partner
1500,ORD101500,C57675,2024-08-20,2024-08-26,shipped,cash,USD,44.39,3.0,133.17,web
1129,ORD101129,C68422,2025-08-29,2025-08-31,delivered,credit_card,USD,30.15,5.0,150.75,app
1021,ORD101021,C16485,2024-08-30,2024-09-04,cancelled,cash,EUR,43.88,4.0,175.52,web
1585,ORD101585,C38586,2025-04-07,2025-04-15,processing,credit_card,EUR,16.82,5.0,84.1,app
1955,ORD101955,C46040,2024-02-19,2024-02-27,delivered,credit_card,EUR,30.5,4.0,122.0,app
2253,ORD102253,C55068,2025-09-29,2025-09-30,delivered,paypal,EUR,43.46,1.0,43.46,web
34,ORD100034,C89909,2025-08-08,2025-08-10,processing,paypal,EUR,11.71,4.0,46.84,app
775,ORD100775,C95606,2025-11-05,2025-11-07,cancelled,credit_card,EUR,26.91,2.0,53.82,web
1478,ORD101478,C30749,2025-01-31,2025-02-03,delivered,credit_card,EUR,16.18,5.0,80.9,app
1390,ORD101390,C37540,2025-02-18,2025-02-20,delivered,credit_card,EUR,47.76,5.0,238.8,web
2139,ORD102139,,2025-11-02,2025-11-03,delivered,credit_card,EUR,26.57,5.0,132.85,web
1363,ORD101363,C28177,2025-03-22,2025-03-29,delivered,credit_card,EUR,24.31,1.0,24.31,app
2041,ORD102041,C90322,2025-04-04,2025-04-13,delivered,credit_card,USD,107.38,2.0,214.76,web
241,ORD100241,C62568,2024-03-11,2024-03-17,cancelled,credit_card,EUR,46.2,3.0,138.6,web
2061,ORD102061,C60563,2024-11-03,2024-11-04,delivered,credit_card,EUR,37.98,3.0,113.94,web
2363,ORD102363,C20701,2025-06-09,2025-06-18,shipped,paypal,USD,33.26,3.0,99.78,web
600,ORD100600,C65464,2024-09-24,2024-09-26,processing,credit_card,EUR,29.72,1.0,29.72,app
2435,ORD102435,C60767,2025-03-09,2025-03-12,x_cancel,credit_card,EUR,26.04,3.0,78.12,web
1297,ORD101297,C70955,2024-02-17,2024-02-20,shipped,paypal,EUR,23.14,5.0,115.7,app
2214,ORD102214,C20380,2024-01-21,2024-01-28,delivered,paypal,EUR,31.51,4.0,126.04,app
2068,ORD102068,C39738,2024-08-14,2024-08-17,delivered,credit_card,EUR,32.99,5.0,164.95,app
646,ORD100646,C51444,2025-04-14,2025-04-17,shipped,credit_card,EUR,13.15,2.0,26.3,web
1528,ORD101528,C11850,2025-05-19,2025-05-21,delivered,credit_card,EUR,20.16,4.0,80.64,partner
1267,ORD101267,C43542,2025-07-01,2025-07-03,delivered,paypal,USD,30.23,1.0,30.23,web
1899,ORD101899,C40538,2025-04-29,2025-04-30,shipped,cash,EUR,51.26,2.0,102.52,app
562,ORD100562,C54377,2024-10-06,2024-10-09,delivered,credit_card,EUR,39.26,5.0,196.3,web
189,ORD100189,C37135,2025-12-18,2025-12-23,delivered,credit_card,EUR,20.26,4.0,81.04,web
1806,ORD101806,C10772,2025-06-24,2025-06-27,delivered,credit_card,USD,33.17,3.0,99.51,web
975,ORD100975,C30303,2024-06-06,2024-06-08,delivered,credit_card,EUR,25.32,4.0,101.28,web
2047,ORD102047,C57826,2025-09-07,2025-09-15,delivered,credit_card,EUR,18.29,4.0,73.16,app
1082,ORD101082,C96220,2024-05-30,2024-06-02,delivered,credit_card,EUR,99.34,5.0,496.7,web
474,ORD100474,C67086,2024-01-13,2024-01-14,delivered,paypal,EUR,29.2,4.0,116.8,app
747,ORD100747,C38299,2024-03-06,2024-03-12,cancelled,cash,EUR,31.03,3.0,93.09,app
2300,ORD102300,C34066,2025-03-23,2025-03-30,delivered,credit_card,EUR,87.53,3.0,262.59,app
21,ORD100021,C43371,2024-02-02,2024-02-10,delivered,paypal,EUR,37.38,3.0,112.14,web
459,ORD100459,C19530,2024-12-15,2024-12-23,processing,credit_card,USD,13.23,4.0,52.92,web
1184,ORD101184,C47823,2025-12-14,2025-12-21,delivered,credit_card,EUR,52.8,2.0,105.6,web
2324,ORD102324,C77205,2024-12-31,2025-01-05,delivered,paypal,EUR,23.72,1.0,23.72,app
955,ORD100955,C64988,2025-09-24,2025-09-30,shipped,paypal,EUR,-10.0,5.0,99.85,web
1215,ORD101215,C20269,2024-07-28,2024-08-05,cancelled,credit_card,EUR,18.16,1.0,18.16,web
2433,ORD102433,C38327,2025-08-27,2025-09-03,delivered,credit_card,EUR,73.66,2.0,147.32,app
1515,ORD101515,C93733,2024-04-13,2024-04-19,delivered,credit_card,USD,27.45,2.0,54.9,app
2391,ORD102391,C27306,2025-02-21,2025-02-26,delivered,credit_card,EUR,15.65,2.0,31.3,web
769,ORD100769,C43871,2025-12-19,2025-12-28,delivered,paypal,EUR,24.5,5.0,122.5,app
1685,ORD101685,C56820,2025-02-22,2025-02-23,cancelled,credit_card,USD,55.0,3.0,165.0,web
130,ORD100130,C60883,2025-11-14,2025-11-18,delivered,credit_card,EUR,22.77,2.0,45.54,web
2135,ORD102135,C71687,2025-07-12,2025-07-21,delivered,paypal,EUR,28.55,4.0,114.2,web
1482,ORD101482,C36099,2025-05-05,2025-05-13,delivered,cash,EUR,53.31,5.0,266.55,web
330,ORD100330,C59211,2025-11-05,2025-11-13,delivered,paypal,USD,22.6,1.0,22.6,web
1238,ORD101238,C36799,2025-05-03,2025-05-11,shipped,paypal,EUR,23.86,2.0,47.72,partner
466,ORD100466,C24937,2024-06-24,2024-07-01,delivered,paypal,EUR,19.94,1.0,19.94,app
2169,ORD102169,C98037,2024-11-09,2024-11-17,delivered,credit_card,USD,33.07,1.0,33.07,app
1638,ORD101638,C26411,2025-10-05,2025-10-07,shipped,paypal,EUR,17.62,1.0,17.62,web
1095,ORD101095,C17204,2024-07-30,2024-08-01,processing,credit_card,EUR,83.53,5.0,417.65,web
1130,ORD101130,C46612,2024-12-05,2024-12-07,delivered,credit_card,EUR,20.35,5.0,101.75,web
1294,ORD101294,C95653,2025-10-13,2025-10-19,delivered,credit_card,EUR,34.88,5.0,174.4,app
860,ORD100860,C97136,2025-12-20,2025-12-29,delivered,paypal,EUR,50.75,4.0,203.0,app
